-- Unit 8 Comprehensive Audit & LaTeX Repair
BEGIN;
INSERT INTO skills (id, name, unit) VALUES ('washer_method_inner_outer_radius', 'washer_method_inner_outer_radius', 'Applications_of_Integration') ON CONFLICT (id) DO NOTHING;
INSERT INTO skills (id, name, unit) VALUES ('axis_as_reference_radius', 'axis_as_reference_radius', 'Applications_of_Integration') ON CONFLICT (id) DO NOTHING;
INSERT INTO skills (id, name, unit) VALUES ('volume_cross_sections_setup', 'volume_cross_sections_setup', 'Applications_of_Integration') ON CONFLICT (id) DO NOTHING;
INSERT INTO skills (id, name, unit) VALUES ('average_value_formula', 'average_value_formula', 'Applications_of_Integration') ON CONFLICT (id) DO NOTHING;
INSERT INTO skills (id, name, unit) VALUES ('average_value_interpretation', 'average_value_interpretation', 'Applications_of_Integration') ON CONFLICT (id) DO NOTHING;
INSERT INTO skills (id, name, unit) VALUES ('area_multiple_intersections_split', 'area_multiple_intersections_split', 'Applications_of_Integration') ON CONFLICT (id) DO NOTHING;
INSERT INTO skills (id, name, unit) VALUES ('area_top_minus_bottom_or_right_minus_left', 'area_top_minus_bottom_or_right_minus_left', 'Applications_of_Integration') ON CONFLICT (id) DO NOTHING;
INSERT INTO skills (id, name, unit) VALUES ('total_distance_vs_displacement', 'total_distance_vs_displacement', 'Applications_of_Integration') ON CONFLICT (id) DO NOTHING;
INSERT INTO skills (id, name, unit) VALUES ('motion_displacement_from_velocity', 'motion_displacement_from_velocity', 'Applications_of_Integration') ON CONFLICT (id) DO NOTHING;
INSERT INTO skills (id, name, unit) VALUES ('units_interpretation_in_applications', 'units_interpretation_in_applications', 'Applications_of_Integration') ON CONFLICT (id) DO NOTHING;
INSERT INTO skills (id, name, unit) VALUES ('accumulation_from_rate', 'accumulation_from_rate', 'Applications_of_Integration') ON CONFLICT (id) DO NOTHING;
INSERT INTO skills (id, name, unit) VALUES ('area_between_curves_dy_setup', 'area_between_curves_dy_setup', 'Applications_of_Integration') ON CONFLICT (id) DO NOTHING;
INSERT INTO skills (id, name, unit) VALUES ('arc_length_integrand_build', 'arc_length_integrand_build', 'Applications_of_Integration') ON CONFLICT (id) DO NOTHING;
INSERT INTO skills (id, name, unit) VALUES ('arc_length_derivative_needed', 'arc_length_derivative_needed', 'Applications_of_Integration') ON CONFLICT (id) DO NOTHING;
INSERT INTO skills (id, name, unit) VALUES ('integration_modeling_from_context', 'integration_modeling_from_context', 'Applications_of_Integration') ON CONFLICT (id) DO NOTHING;
INSERT INTO skills (id, name, unit) VALUES ('bounds_from_context', 'bounds_from_context', 'Applications_of_Integration') ON CONFLICT (id) DO NOTHING;
INSERT INTO skills (id, name, unit) VALUES ('motion_position_with_initial_condition', 'motion_position_with_initial_condition', 'Applications_of_Integration') ON CONFLICT (id) DO NOTHING;
INSERT INTO skills (id, name, unit) VALUES ('washer_method_evaluation', 'washer_method_evaluation', 'Applications_of_Integration') ON CONFLICT (id) DO NOTHING;
INSERT INTO skills (id, name, unit) VALUES ('washer_method_setup', 'washer_method_setup', 'Applications_of_Integration') ON CONFLICT (id) DO NOTHING;
INSERT INTO skills (id, name, unit) VALUES ('washer_shift_radius_adjustment', 'washer_shift_radius_adjustment', 'Applications_of_Integration') ON CONFLICT (id) DO NOTHING;
INSERT INTO skills (id, name, unit) VALUES ('arc_length_formula', 'arc_length_formula', 'Applications_of_Integration') ON CONFLICT (id) DO NOTHING;
INSERT INTO skills (id, name, unit) VALUES ('volume_revolution_about_shifted_axis', 'volume_revolution_about_shifted_axis', 'Applications_of_Integration') ON CONFLICT (id) DO NOTHING;
INSERT INTO skills (id, name, unit) VALUES ('radius_distance_to_axis', 'radius_distance_to_axis', 'Applications_of_Integration') ON CONFLICT (id) DO NOTHING;
INSERT INTO skills (id, name, unit) VALUES ('net_change_vs_total_change_context', 'net_change_vs_total_change_context', 'Applications_of_Integration') ON CONFLICT (id) DO NOTHING;
INSERT INTO skills (id, name, unit) VALUES ('disk_method_setup', 'disk_method_setup', 'Applications_of_Integration') ON CONFLICT (id) DO NOTHING;
INSERT INTO skills (id, name, unit) VALUES ('disk_method_radius_expression', 'disk_method_radius_expression', 'Applications_of_Integration') ON CONFLICT (id) DO NOTHING;
INSERT INTO skills (id, name, unit) VALUES ('area_between_curves_dx_setup', 'area_between_curves_dx_setup', 'Applications_of_Integration') ON CONFLICT (id) DO NOTHING;
INSERT INTO skills (id, name, unit) VALUES ('disk_method_evaluation', 'disk_method_evaluation', 'Applications_of_Integration') ON CONFLICT (id) DO NOTHING;
INSERT INTO skills (id, name, unit) VALUES ('disk_method_bounds', 'disk_method_bounds', 'Applications_of_Integration') ON CONFLICT (id) DO NOTHING;
INSERT INTO skills (id, name, unit) VALUES ('axis_shift_handling', 'axis_shift_handling', 'Applications_of_Integration') ON CONFLICT (id) DO NOTHING;
INSERT INTO skills (id, name, unit) VALUES ('cross_section_semicircle_area', 'cross_section_semicircle_area', 'Applications_of_Integration') ON CONFLICT (id) DO NOTHING;
INSERT INTO skills (id, name, unit) VALUES ('volume_disk_method_basic', 'volume_disk_method_basic', 'Applications_of_Integration') ON CONFLICT (id) DO NOTHING;
INSERT INTO skills (id, name, unit) VALUES ('average_value_from_graph_or_table', 'average_value_from_graph_or_table', 'Applications_of_Integration') ON CONFLICT (id) DO NOTHING;
INSERT INTO skills (id, name, unit) VALUES ('motion_velocity_from_acceleration_with_initial', 'motion_velocity_from_acceleration_with_initial', 'Applications_of_Integration') ON CONFLICT (id) DO NOTHING;
INSERT INTO skills (id, name, unit) VALUES ('disk_shift_radius_adjustment', 'disk_shift_radius_adjustment', 'Applications_of_Integration') ON CONFLICT (id) DO NOTHING;
INSERT INTO skills (id, name, unit) VALUES ('cross_section_rectangle_area', 'cross_section_rectangle_area', 'Applications_of_Integration') ON CONFLICT (id) DO NOTHING;
INSERT INTO skills (id, name, unit) VALUES ('cross_section_triangle_area', 'cross_section_triangle_area', 'Applications_of_Integration') ON CONFLICT (id) DO NOTHING;
INSERT INTO skills (id, name, unit) VALUES ('solve_intersections_for_bounds', 'solve_intersections_for_bounds', 'Applications_of_Integration') ON CONFLICT (id) DO NOTHING;
INSERT INTO skills (id, name, unit) VALUES ('arc_length_derivative_and_sqrt', 'arc_length_derivative_and_sqrt', 'Applications_of_Integration') ON CONFLICT (id) DO NOTHING;
INSERT INTO skills (id, name, unit) VALUES ('numerical_approx_trapezoid_volume', 'numerical_approx_trapezoid_volume', 'Applications_of_Integration') ON CONFLICT (id) DO NOTHING;
INSERT INTO skills (id, name, unit) VALUES ('choose_dx_or_dy_strategy_volume', 'choose_dx_or_dy_strategy_volume', 'Applications_of_Integration') ON CONFLICT (id) DO NOTHING;
INSERT INTO skills (id, name, unit) VALUES ('cross_section_area_function', 'cross_section_area_function', 'Applications_of_Integration') ON CONFLICT (id) DO NOTHING;
INSERT INTO skills (id, name, unit) VALUES ('volume_revolution_about_x_or_y', 'volume_revolution_about_x_or_y', 'Applications_of_Integration') ON CONFLICT (id) DO NOTHING;
INSERT INTO skills (id, name, unit) VALUES ('arc_length_formula_setup', 'arc_length_formula_setup', 'Applications_of_Integration') ON CONFLICT (id) DO NOTHING;
INSERT INTO skills (id, name, unit) VALUES ('arc_length_units_interpretation', 'arc_length_units_interpretation', 'Applications_of_Integration') ON CONFLICT (id) DO NOTHING;
INSERT INTO skills (id, name, unit) VALUES ('distance_vs_displacement', 'distance_vs_displacement', 'Applications_of_Integration') ON CONFLICT (id) DO NOTHING;
INSERT INTO skills (id, name, unit) VALUES ('choose_dx_or_dy_strategy_area', 'choose_dx_or_dy_strategy_area', 'Applications_of_Integration') ON CONFLICT (id) DO NOTHING;
INSERT INTO skills (id, name, unit) VALUES ('cross_sections_square', 'cross_sections_square', 'Applications_of_Integration') ON CONFLICT (id) DO NOTHING;
INSERT INTO skills (id, name, unit) VALUES ('absolute_value_in_distance', 'absolute_value_in_distance', 'Applications_of_Integration') ON CONFLICT (id) DO NOTHING;
INSERT INTO skills (id, name, unit) VALUES ('method_selection_disk_vs_washer', 'method_selection_disk_vs_washer', 'Applications_of_Integration') ON CONFLICT (id) DO NOTHING;
INSERT INTO skills (id, name, unit) VALUES ('cross_section_square_area', 'cross_section_square_area', 'Applications_of_Integration') ON CONFLICT (id) DO NOTHING;
INSERT INTO skills (id, name, unit) VALUES ('distance_from_velocity_graph', 'distance_from_velocity_graph', 'Applications_of_Integration') ON CONFLICT (id) DO NOTHING;
INSERT INTO skills (id, name, unit) VALUES ('cross_sections_semicircle', 'cross_sections_semicircle', 'Applications_of_Integration') ON CONFLICT (id) DO NOTHING;
INSERT INTO skills (id, name, unit) VALUES ('volume_integral_evaluation', 'volume_integral_evaluation', 'Applications_of_Integration') ON CONFLICT (id) DO NOTHING;
INSERT INTO error_tags (id, name) VALUES ('wrong_radius_expression', 'wrong_radius_expression') ON CONFLICT (id) DO NOTHING;
INSERT INTO error_tags (id, name) VALUES ('inner_outer_swapped', 'inner_outer_swapped') ON CONFLICT (id) DO NOTHING;
INSERT INTO error_tags (id, name) VALUES ('shift_not_applied', 'shift_not_applied') ON CONFLICT (id) DO NOTHING;
INSERT INTO error_tags (id, name) VALUES ('avg_value_wrong_bounds', 'avg_value_wrong_bounds') ON CONFLICT (id) DO NOTHING;
INSERT INTO error_tags (id, name) VALUES ('avg_value_wrong_interval_length', 'avg_value_wrong_interval_length') ON CONFLICT (id) DO NOTHING;
INSERT INTO error_tags (id, name) VALUES ('algebra_simplification_error', 'algebra_simplification_error') ON CONFLICT (id) DO NOTHING;
INSERT INTO error_tags (id, name) VALUES ('area_missing_split_interval', 'area_missing_split_interval') ON CONFLICT (id) DO NOTHING;
INSERT INTO error_tags (id, name) VALUES ('area_missing_abs_value', 'area_missing_abs_value') ON CONFLICT (id) DO NOTHING;
INSERT INTO error_tags (id, name) VALUES ('area_wrong_top_minus_bottom', 'area_wrong_top_minus_bottom') ON CONFLICT (id) DO NOTHING;
INSERT INTO error_tags (id, name) VALUES ('motion_displacement_distance_confusion', 'motion_displacement_distance_confusion') ON CONFLICT (id) DO NOTHING;
INSERT INTO error_tags (id, name) VALUES ('motion_sign_mistake', 'motion_sign_mistake') ON CONFLICT (id) DO NOTHING;
INSERT INTO error_tags (id, name) VALUES ('motion_units_mismatch', 'motion_units_mismatch') ON CONFLICT (id) DO NOTHING;
INSERT INTO error_tags (id, name) VALUES ('accumulation_units_mismatch', 'accumulation_units_mismatch') ON CONFLICT (id) DO NOTHING;
INSERT INTO error_tags (id, name) VALUES ('area_wrong_dx_dy_choice', 'area_wrong_dx_dy_choice') ON CONFLICT (id) DO NOTHING;
INSERT INTO error_tags (id, name) VALUES ('arc_length_missing_sqrt', 'arc_length_missing_sqrt') ON CONFLICT (id) DO NOTHING;
INSERT INTO error_tags (id, name) VALUES ('arc_length_missing_square_on_derivative', 'arc_length_missing_square_on_derivative') ON CONFLICT (id) DO NOTHING;
INSERT INTO error_tags (id, name) VALUES ('derivative_error', 'derivative_error') ON CONFLICT (id) DO NOTHING;
INSERT INTO error_tags (id, name) VALUES ('accumulation_bounds_misread_context', 'accumulation_bounds_misread_context') ON CONFLICT (id) DO NOTHING;
INSERT INTO error_tags (id, name) VALUES ('missing_pi_factor', 'missing_pi_factor') ON CONFLICT (id) DO NOTHING;
INSERT INTO error_tags (id, name) VALUES ('squared_radius_missing', 'squared_radius_missing') ON CONFLICT (id) DO NOTHING;
INSERT INTO error_tags (id, name) VALUES ('volume_wrong_axis_distance_shift', 'volume_wrong_axis_distance_shift') ON CONFLICT (id) DO NOTHING;
INSERT INTO error_tags (id, name) VALUES ('volume_washer_radii_reversed', 'volume_washer_radii_reversed') ON CONFLICT (id) DO NOTHING;
INSERT INTO error_tags (id, name) VALUES ('volume_forget_square_radius', 'volume_forget_square_radius') ON CONFLICT (id) DO NOTHING;
INSERT INTO error_tags (id, name) VALUES ('accumulation_net_vs_total_confusion', 'accumulation_net_vs_total_confusion') ON CONFLICT (id) DO NOTHING;
INSERT INTO error_tags (id, name) VALUES ('avg_value_missing_divide_by_interval', 'avg_value_missing_divide_by_interval') ON CONFLICT (id) DO NOTHING;
INSERT INTO error_tags (id, name) VALUES ('washer_vs_disk_confusion', 'washer_vs_disk_confusion') ON CONFLICT (id) DO NOTHING;
INSERT INTO error_tags (id, name) VALUES ('area_intersections_incorrect', 'area_intersections_incorrect') ON CONFLICT (id) DO NOTHING;
INSERT INTO error_tags (id, name) VALUES ('rounding_too_early', 'rounding_too_early') ON CONFLICT (id) DO NOTHING;
INSERT INTO error_tags (id, name) VALUES ('wrong_bounds', 'wrong_bounds') ON CONFLICT (id) DO NOTHING;
INSERT INTO error_tags (id, name) VALUES ('wrong_cross_section_area_formula', 'wrong_cross_section_area_formula') ON CONFLICT (id) DO NOTHING;
INSERT INTO error_tags (id, name) VALUES ('bounds_from_context', 'bounds_from_context') ON CONFLICT (id) DO NOTHING;
INSERT INTO error_tags (id, name) VALUES ('motion_forget_initial_condition', 'motion_forget_initial_condition') ON CONFLICT (id) DO NOTHING;
INSERT INTO error_tags (id, name) VALUES ('avg_value_integrand_misread', 'avg_value_integrand_misread') ON CONFLICT (id) DO NOTHING;
INSERT INTO error_tags (id, name) VALUES ('accumulation_wrong_rate_variable', 'accumulation_wrong_rate_variable') ON CONFLICT (id) DO NOTHING;
INSERT INTO error_tags (id, name) VALUES ('arc_length_missing_sqrt_structure', 'arc_length_missing_sqrt_structure') ON CONFLICT (id) DO NOTHING;
INSERT INTO error_tags (id, name) VALUES ('arc_length_wrong_derivative', 'arc_length_wrong_derivative') ON CONFLICT (id) DO NOTHING;
INSERT INTO error_tags (id, name) VALUES ('trapezoid_weight_error', 'trapezoid_weight_error') ON CONFLICT (id) DO NOTHING;
INSERT INTO error_tags (id, name) VALUES ('wrong_dx_dy_choice_volume', 'wrong_dx_dy_choice_volume') ON CONFLICT (id) DO NOTHING;
INSERT INTO error_tags (id, name) VALUES ('cross_section_side_length_misread', 'cross_section_side_length_misread') ON CONFLICT (id) DO NOTHING;
INSERT INTO error_tags (id, name) VALUES ('cross_section_wrong_area_formula', 'cross_section_wrong_area_formula') ON CONFLICT (id) DO NOTHING;
INSERT INTO error_tags (id, name) VALUES ('volume_missing_pi_factor', 'volume_missing_pi_factor') ON CONFLICT (id) DO NOTHING;
INSERT INTO error_tags (id, name) VALUES ('volume_wrong_limits', 'volume_wrong_limits') ON CONFLICT (id) DO NOTHING;
INSERT INTO error_tags (id, name) VALUES ('volume_radius_height_swapped', 'volume_radius_height_swapped') ON CONFLICT (id) DO NOTHING;
INSERT INTO error_tags (id, name) VALUES ('units_mismatch_distance', 'units_mismatch_distance') ON CONFLICT (id) DO NOTHING;
INSERT INTO error_tags (id, name) VALUES ('distance_equals_displacement_mistake', 'distance_equals_displacement_mistake') ON CONFLICT (id) DO NOTHING;
INSERT INTO error_tags (id, name) VALUES ('formula_context_confusion', 'formula_context_confusion') ON CONFLICT (id) DO NOTHING;
INSERT INTO error_tags (id, name) VALUES ('missing_absolute_value', 'missing_absolute_value') ON CONFLICT (id) DO NOTHING;
INSERT INTO error_tags (id, name) VALUES ('signed_area_misread', 'signed_area_misread') ON CONFLICT (id) DO NOTHING;
INSERT INTO error_tags (id, name) VALUES ('arc_length_wrong_bounds', 'arc_length_wrong_bounds') ON CONFLICT (id) DO NOTHING;
INSERT INTO error_tags (id, name) VALUES ('piecewise_interval_missed', 'piecewise_interval_missed') ON CONFLICT (id) DO NOTHING;
DELETE FROM question_skills WHERE question_id = '040b5ab8-a45a-4b95-b83a-4a33f2cc71a1';
INSERT INTO question_skills (question_id, skill_id, role) VALUES ('040b5ab8-a45a-4b95-b83a-4a33f2cc71a1', 'washer_method_inner_outer_radius', 'supporting');
INSERT INTO question_skills (question_id, skill_id, role) VALUES ('040b5ab8-a45a-4b95-b83a-4a33f2cc71a1', 'axis_as_reference_radius', 'supporting');
INSERT INTO question_skills (question_id, skill_id, role) VALUES ('040b5ab8-a45a-4b95-b83a-4a33f2cc71a1', 'volume_cross_sections_setup', 'primary');
UPDATE questions SET 
    primary_skill_id = 'volume_cross_sections_setup', 
    supporting_skill_ids = '{"washer_method_inner_outer_radius","axis_as_reference_radius"}', 
    target_time_seconds = 180, 
    weight_primary = 0.7, 
    weight_supporting = 0.3, 
    prompt_type = 'text', 
    micro_explanations = '{"A":"Incorrect. Verify if you need the Disk method (pi * $R^2$) or Washer method (pi * ($R^2$ - $r^2$)) and check the axis of rotation.","B":"Correct. Volume formulas (Disk, Washer, Cross-sections) require integrating the area function $A(x)$ or $A(y)$.","C":"Incorrect. Verify if you need the Disk method (pi * $R^2$) or Washer method (pi * ($R^2$ - $r^2$)) and check the axis of rotation.","D":"Incorrect. Verify if you need the Disk method (pi * $R^2$) or Washer method (pi * ($R^2$ - $r^2$)) and check the axis of rotation."}', 
    skill_tags = '{"washer_method_inner_outer_radius","axis_as_reference_radius","volume_cross_sections_setup"}', 
    error_tags = '{"wrong_radius_expression","inner_outer_swapped","shift_not_applied"}', 
    options = '[{"id":"A","value":"Vertical distances from the curve to the axis"},{"id":"B","value":"Horizontal distances from the curve to the axis"},{"id":"C","value":"Slopes of the bounding curves"},{"id":"D","value":"Arc lengths of the bounding curves"}]',
    updated_at = NOW() 
WHERE id = '040b5ab8-a45a-4b95-b83a-4a33f2cc71a1';
DELETE FROM question_skills WHERE question_id = '09004717-b58d-4f9e-868a-bf58da087a1e';
INSERT INTO question_skills (question_id, skill_id, role) VALUES ('09004717-b58d-4f9e-868a-bf58da087a1e', 'average_value_formula', 'primary');
INSERT INTO question_skills (question_id, skill_id, role) VALUES ('09004717-b58d-4f9e-868a-bf58da087a1e', 'average_value_interpretation', 'supporting');
UPDATE questions SET 
    primary_skill_id = 'average_value_formula', 
    supporting_skill_ids = '{"average_value_interpretation"}', 
    target_time_seconds = 150, 
    weight_primary = 0.8, 
    weight_supporting = 0.2, 
    prompt_type = 'text', 
    micro_explanations = '{"A":"Incorrect. Remember to multiply the integral by the reciprocal of the interval width 1/(b-a).","B":"Correct. The average value of f on $[a, b]$ is [1/(b-a)] * integral of $f(x)$ from a to b.","C":"Incorrect. Remember to multiply the integral by the reciprocal of the interval width 1/(b-a).","D":"Incorrect. Remember to multiply the integral by the reciprocal of the interval width 1/(b-a)."}', 
    skill_tags = '{"average_value_formula","average_value_interpretation"}', 
    error_tags = '{"avg_value_wrong_bounds","avg_value_wrong_interval_length","algebra_simplification_error"}', 
    options = '[{"id":"A","value":"$1$"},{"id":"B","value":"$2$"},{"id":"C","value":"$4$"},{"id":"D","value":"$8$"}]',
    updated_at = NOW() 
WHERE id = '09004717-b58d-4f9e-868a-bf58da087a1e';
DELETE FROM question_skills WHERE question_id = '0c0a3f5c-4397-45b3-913b-39f6806bd9b4';
INSERT INTO question_skills (question_id, skill_id, role) VALUES ('0c0a3f5c-4397-45b3-913b-39f6806bd9b4', 'area_multiple_intersections_split', 'primary');
INSERT INTO question_skills (question_id, skill_id, role) VALUES ('0c0a3f5c-4397-45b3-913b-39f6806bd9b4', 'area_top_minus_bottom_or_right_minus_left', 'supporting');
UPDATE questions SET 
    primary_skill_id = 'area_multiple_intersections_split', 
    supporting_skill_ids = '{"area_top_minus_bottom_or_right_minus_left"}', 
    target_time_seconds = 180, 
    weight_primary = 0.8, 
    weight_supporting = 0.2, 
    prompt_type = 'text', 
    micro_explanations = '{"A":"Incorrect. Re-evaluate the setup of the integral, including bounds, integrand, and differential (dx or dy).","B":"Correct. This application of integration follows the standard geometric and physical principles.","C":"Incorrect. Re-evaluate the setup of the integral, including bounds, integrand, and differential (dx or dy).","D":"Incorrect. Re-evaluate the setup of the integral, including bounds, integrand, and differential (dx or dy)."}', 
    skill_tags = '{"area_multiple_intersections_split","area_top_minus_bottom_or_right_minus_left"}', 
    error_tags = '{"area_missing_split_interval","area_missing_abs_value","area_wrong_top_minus_bottom"}', 
    options = '[{"id":"A","value":"$\\int _0^{2\\pi } sin(x) dx$"},{"id":"B","value":"$\\int _0^{\\pi } sin(x) dx$ - $\\int _{\\pi }^{2\\pi } sin(x) dx$"},{"id":"C","value":"$\\int _0^{2\\pi } sin(x)^2 dx$"},{"id":"D","value":"|$\\int _0^{2\\pi } sin(x) dx$|"}]',
    updated_at = NOW() 
WHERE id = '0c0a3f5c-4397-45b3-913b-39f6806bd9b4';
DELETE FROM question_skills WHERE question_id = '0d7a6634-ab75-4860-ba8b-2cf78455ec41';
INSERT INTO question_skills (question_id, skill_id, role) VALUES ('0d7a6634-ab75-4860-ba8b-2cf78455ec41', 'total_distance_vs_displacement', 'primary');
INSERT INTO question_skills (question_id, skill_id, role) VALUES ('0d7a6634-ab75-4860-ba8b-2cf78455ec41', 'motion_displacement_from_velocity', 'supporting');
UPDATE questions SET 
    primary_skill_id = 'total_distance_vs_displacement', 
    supporting_skill_ids = '{"motion_displacement_from_velocity"}', 
    target_time_seconds = 180, 
    weight_primary = 0.8, 
    weight_supporting = 0.2, 
    prompt_type = 'text', 
    micro_explanations = '{"A":"Correct. This application of integration follows the standard geometric and physical principles.","B":"Incorrect. Re-evaluate the setup of the integral, including bounds, integrand, and differential (dx or dy).","C":"Incorrect. Re-evaluate the setup of the integral, including bounds, integrand, and differential (dx or dy).","D":"Incorrect. Re-evaluate the setup of the integral, including bounds, integrand, and differential (dx or dy)."}', 
    skill_tags = '{"total_distance_vs_displacement","motion_displacement_from_velocity"}', 
    error_tags = '{"motion_displacement_distance_confusion","motion_sign_mistake","algebra_simplification_error"}', 
    options = '[{"id":"A","value":"$4.5$"},{"id":"B","value":"$1.5$"},{"id":"C","value":"$0.5$"},{"id":"D","value":"$3.5$"}]',
    updated_at = NOW() 
WHERE id = '0d7a6634-ab75-4860-ba8b-2cf78455ec41';
DELETE FROM question_skills WHERE question_id = '0deaca7b-8a3f-4cb5-86a9-fbfa269384b1';
INSERT INTO question_skills (question_id, skill_id, role) VALUES ('0deaca7b-8a3f-4cb5-86a9-fbfa269384b1', 'units_interpretation_in_applications', 'supporting');
INSERT INTO question_skills (question_id, skill_id, role) VALUES ('0deaca7b-8a3f-4cb5-86a9-fbfa269384b1', 'motion_displacement_from_velocity', 'supporting');
INSERT INTO question_skills (question_id, skill_id, role) VALUES ('0deaca7b-8a3f-4cb5-86a9-fbfa269384b1', 'accumulation_from_rate', 'primary');
UPDATE questions SET 
    primary_skill_id = 'accumulation_from_rate', 
    supporting_skill_ids = '{"units_interpretation_in_applications","motion_displacement_from_velocity"}', 
    target_time_seconds = 150, 
    weight_primary = 0.7, 
    weight_supporting = 0.3, 
    prompt_type = 'text', 
    micro_explanations = '{"A":"Incorrect. Re-evaluate the setup of the integral, including bounds, integrand, and differential (dx or dy).","B":"Correct. This application of integration follows the standard geometric and physical principles.","C":"Incorrect. Re-evaluate the setup of the integral, including bounds, integrand, and differential (dx or dy).","D":"Incorrect. Re-evaluate the setup of the integral, including bounds, integrand, and differential (dx or dy)."}', 
    skill_tags = '{"units_interpretation_in_applications","motion_displacement_from_velocity","accumulation_from_rate"}', 
    error_tags = '{"motion_units_mismatch","accumulation_units_mismatch"}', 
    options = '[{"id":"A","value":"$m/s^2$"},{"id":"B","value":"$m/s$"},{"id":"C","value":"$m$"},{"id":"D","value":"$s/m$"}]',
    updated_at = NOW() 
WHERE id = '0deaca7b-8a3f-4cb5-86a9-fbfa269384b1';
DELETE FROM question_skills WHERE question_id = '0f167af7-aab5-43ed-9161-969d1f3d923d';
INSERT INTO question_skills (question_id, skill_id, role) VALUES ('0f167af7-aab5-43ed-9161-969d1f3d923d', 'area_between_curves_dy_setup', 'primary');
INSERT INTO question_skills (question_id, skill_id, role) VALUES ('0f167af7-aab5-43ed-9161-969d1f3d923d', 'area_top_minus_bottom_or_right_minus_left', 'supporting');
UPDATE questions SET 
    primary_skill_id = 'area_between_curves_dy_setup', 
    supporting_skill_ids = '{"area_top_minus_bottom_or_right_minus_left"}', 
    target_time_seconds = 180, 
    weight_primary = 0.8, 
    weight_supporting = 0.2, 
    prompt_type = 'text', 
    micro_explanations = '{"A":"Incorrect. Check your boundary selection and ensure you integrate the difference of the functions.","B":"Correct. Area between curves is the integral of [Top - Bottom] or [Right - Left] over the boundaries.","C":"Incorrect. Check your boundary selection and ensure you integrate the difference of the functions.","D":"Incorrect. Check your boundary selection and ensure you integrate the difference of the functions."}', 
    skill_tags = '{"area_between_curves_dy_setup","area_top_minus_bottom_or_right_minus_left"}', 
    error_tags = '{"area_wrong_dx_dy_choice","area_wrong_top_minus_bottom","algebra_simplification_error"}', 
    options = '[{"id":"A","value":"$\\frac{7}{2}$"},{"id":"B","value":"$\\frac{9}{2}$"},{"id":"C","value":"$\\frac{11}{2}$"},{"id":"D","value":"$9$"}]',
    updated_at = NOW() 
WHERE id = '0f167af7-aab5-43ed-9161-969d1f3d923d';
DELETE FROM question_skills WHERE question_id = '0f8a7302-5790-4b3d-8ce3-46ad6264a000';
INSERT INTO question_skills (question_id, skill_id, role) VALUES ('0f8a7302-5790-4b3d-8ce3-46ad6264a000', 'arc_length_integrand_build', 'supporting');
INSERT INTO question_skills (question_id, skill_id, role) VALUES ('0f8a7302-5790-4b3d-8ce3-46ad6264a000', 'arc_length_derivative_needed', 'supporting');
INSERT INTO question_skills (question_id, skill_id, role) VALUES ('0f8a7302-5790-4b3d-8ce3-46ad6264a000', 'integration_modeling_from_context', 'primary');
UPDATE questions SET 
    primary_skill_id = 'integration_modeling_from_context', 
    supporting_skill_ids = '{"arc_length_integrand_build","arc_length_derivative_needed"}', 
    target_time_seconds = 210, 
    weight_primary = 0.7, 
    weight_supporting = 0.3, 
    prompt_type = 'text', 
    micro_explanations = '{"A":"Correct. This application of integration follows the standard geometric and physical principles.","B":"Incorrect. Re-evaluate the setup of the integral, including bounds, integrand, and differential (dx or dy).","C":"Incorrect. Re-evaluate the setup of the integral, including bounds, integrand, and differential (dx or dy).","D":"Incorrect. Re-evaluate the setup of the integral, including bounds, integrand, and differential (dx or dy)."}', 
    skill_tags = '{"arc_length_integrand_build","arc_length_derivative_needed","integration_modeling_from_context"}', 
    error_tags = '{"arc_length_missing_sqrt","arc_length_missing_square_on_derivative","derivative_error"}', 
    options = '[{"id":"A","value":"$\\int _0^2 \\sqrt (1+(x/2)^2) dx$"},{"id":"B","value":"$\\int _0^2 (1+x/2) dx$"},{"id":"C","value":"$\\int _0^2 \\sqrt (1+x/2) dx$"},{"id":"D","value":"$\\int _0^2 (1+(x/2)^2) dx$"}]',
    updated_at = NOW() 
WHERE id = '0f8a7302-5790-4b3d-8ce3-46ad6264a000';
DELETE FROM question_skills WHERE question_id = '10029da7-2468-440b-929c-92b7c3b8ace2';
INSERT INTO question_skills (question_id, skill_id, role) VALUES ('10029da7-2468-440b-929c-92b7c3b8ace2', 'accumulation_from_rate', 'supporting');
INSERT INTO question_skills (question_id, skill_id, role) VALUES ('10029da7-2468-440b-929c-92b7c3b8ace2', 'bounds_from_context', 'supporting');
INSERT INTO question_skills (question_id, skill_id, role) VALUES ('10029da7-2468-440b-929c-92b7c3b8ace2', 'motion_position_with_initial_condition', 'primary');
UPDATE questions SET 
    primary_skill_id = 'motion_position_with_initial_condition', 
    supporting_skill_ids = '{"accumulation_from_rate","bounds_from_context"}', 
    target_time_seconds = 150, 
    weight_primary = 0.7, 
    weight_supporting = 0.3, 
    prompt_type = 'text', 
    micro_explanations = '{"A":"Incorrect. Re-evaluate the setup of the integral, including bounds, integrand, and differential (dx or dy).","B":"Incorrect. Re-evaluate the setup of the integral, including bounds, integrand, and differential (dx or dy).","C":"Correct. This application of integration follows the standard geometric and physical principles.","D":"Incorrect. Re-evaluate the setup of the integral, including bounds, integrand, and differential (dx or dy)."}', 
    skill_tags = '{"accumulation_from_rate","bounds_from_context","motion_position_with_initial_condition"}', 
    error_tags = '{"accumulation_bounds_misread_context","accumulation_units_mismatch","algebra_simplification_error"}', 
    options = '[{"id":"A","value":"$4$"},{"id":"B","value":"$6$"},{"id":"C","value":"$8$"},{"id":"D","value":"$12$"}]',
    updated_at = NOW() 
WHERE id = '10029da7-2468-440b-929c-92b7c3b8ace2';
DELETE FROM question_skills WHERE question_id = '1075384f-803f-4bc5-b4a8-cc3eaa45407b';
INSERT INTO question_skills (question_id, skill_id, role) VALUES ('1075384f-803f-4bc5-b4a8-cc3eaa45407b', 'washer_method_evaluation', 'supporting');
INSERT INTO question_skills (question_id, skill_id, role) VALUES ('1075384f-803f-4bc5-b4a8-cc3eaa45407b', 'washer_method_setup', 'supporting');
INSERT INTO question_skills (question_id, skill_id, role) VALUES ('1075384f-803f-4bc5-b4a8-cc3eaa45407b', 'volume_cross_sections_setup', 'primary');
UPDATE questions SET 
    primary_skill_id = 'volume_cross_sections_setup', 
    supporting_skill_ids = '{"washer_method_evaluation","washer_method_setup"}', 
    target_time_seconds = 180, 
    weight_primary = 0.7, 
    weight_supporting = 0.3, 
    prompt_type = 'text', 
    micro_explanations = '{"A":"Correct. Volume formulas (Disk, Washer, Cross-sections) require integrating the area function $A(x)$ or $A(y)$.","B":"Incorrect. Verify if you need the Disk method (pi * $R^2$) or Washer method (pi * ($R^2$ - $r^2$)) and check the axis of rotation.","C":"Incorrect. Verify if you need the Disk method (pi * $R^2$) or Washer method (pi * ($R^2$ - $r^2$)) and check the axis of rotation.","D":"Incorrect. Verify if you need the Disk method (pi * $R^2$) or Washer method (pi * ($R^2$ - $r^2$)) and check the axis of rotation."}', 
    skill_tags = '{"washer_method_evaluation","washer_method_setup","volume_cross_sections_setup"}', 
    error_tags = '{"inner_outer_swapped","missing_pi_factor","algebra_simplification_error"}', 
    options = '[{"id":"A","value":"4$\\pi$/5"},{"id":"B","value":"$\\pi$/5"},{"id":"C","value":"3$\\pi$/5"},{"id":"D","value":"$\\pi$/2"}]',
    updated_at = NOW() 
WHERE id = '1075384f-803f-4bc5-b4a8-cc3eaa45407b';
DELETE FROM question_skills WHERE question_id = '1426bef5-bba5-42ff-bb81-49214c4fa0e5';
INSERT INTO question_skills (question_id, skill_id, role) VALUES ('1426bef5-bba5-42ff-bb81-49214c4fa0e5', 'washer_shift_radius_adjustment', 'supporting');
INSERT INTO question_skills (question_id, skill_id, role) VALUES ('1426bef5-bba5-42ff-bb81-49214c4fa0e5', 'washer_method_setup', 'supporting');
INSERT INTO question_skills (question_id, skill_id, role) VALUES ('1426bef5-bba5-42ff-bb81-49214c4fa0e5', 'arc_length_formula', 'primary');
UPDATE questions SET 
    primary_skill_id = 'arc_length_formula', 
    supporting_skill_ids = '{"washer_shift_radius_adjustment","washer_method_setup"}', 
    target_time_seconds = 210, 
    weight_primary = 0.7, 
    weight_supporting = 0.3, 
    prompt_type = 'text', 
    micro_explanations = '{"A":"Correct. Arc length is the integral of sqrt(1 + [$f''(x)$]^2) over the interval.","B":"Incorrect. Review the arc length formula and ensure your derivative $f''(x)$ is correctly squared inside the square root.","C":"Incorrect. Review the arc length formula and ensure your derivative $f''(x)$ is correctly squared inside the square root.","D":"Incorrect. Review the arc length formula and ensure your derivative $f''(x)$ is correctly squared inside the square root."}', 
    skill_tags = '{"washer_shift_radius_adjustment","washer_method_setup","arc_length_formula"}', 
    error_tags = '{"shift_not_applied","inner_outer_swapped","squared_radius_missing"}', 
    options = '[{"id":"A","value":"$\\pi$\\int _{-2}^{2} ((4-1)^2 - (x^2-1)^2) dx$"},{"id":"B","value":"$\\pi$\\int _{-2}^{2} (4-x^2)^2 dx$"},{"id":"C","value":"$\\pi$\\int _{-2}^{2} ((4-1) - (x^2-1)) dx$"},{"id":"D","value":"$\\int _{-2}^{2} ((4-1)^2 - (x^2-1)^2) dx$"}]',
    updated_at = NOW() 
WHERE id = '1426bef5-bba5-42ff-bb81-49214c4fa0e5';
DELETE FROM question_skills WHERE question_id = '17555163-7087-48a1-b2c9-4dde865d05ec';
INSERT INTO question_skills (question_id, skill_id, role) VALUES ('17555163-7087-48a1-b2c9-4dde865d05ec', 'volume_revolution_about_shifted_axis', 'primary');
INSERT INTO question_skills (question_id, skill_id, role) VALUES ('17555163-7087-48a1-b2c9-4dde865d05ec', 'radius_distance_to_axis', 'supporting');
UPDATE questions SET 
    primary_skill_id = 'volume_revolution_about_shifted_axis', 
    supporting_skill_ids = '{"radius_distance_to_axis"}', 
    target_time_seconds = 210, 
    weight_primary = 0.8, 
    weight_supporting = 0.2, 
    prompt_type = 'text', 
    micro_explanations = '{"A":"Correct. Volume formulas (Disk, Washer, Cross-sections) require integrating the area function $A(x)$ or $A(y)$.","B":"Incorrect. Verify if you need the Disk method (pi * $R^2$) or Washer method (pi * ($R^2$ - $r^2$)) and check the axis of rotation.","C":"Incorrect. Verify if you need the Disk method (pi * $R^2$) or Washer method (pi * ($R^2$ - $r^2$)) and check the axis of rotation.","D":"Incorrect. Verify if you need the Disk method (pi * $R^2$) or Washer method (pi * ($R^2$ - $r^2$)) and check the axis of rotation."}', 
    skill_tags = '{"volume_revolution_about_shifted_axis","radius_distance_to_axis"}', 
    error_tags = '{"volume_wrong_axis_distance_shift","volume_washer_radii_reversed","volume_forget_square_radius"}', 
    options = '[{"id":"A","value":"$\\pi$\\int _{-2}^{2} ((4-1)^2 - (x^2-1)^2) dx$"},{"id":"B","value":"$\\pi$\\int _{-2}^{2} (4-x^2)^2 dx$"},{"id":"C","value":"$\\pi$\\int _{-2}^{2} ((4-1) - (x^2-1)) dx$"},{"id":"D","value":"$\\int _{-2}^{2} ((4-1)^2 - (x^2-1)^2) dx$"}]',
    updated_at = NOW() 
WHERE id = '17555163-7087-48a1-b2c9-4dde865d05ec';
DELETE FROM question_skills WHERE question_id = '189a2d07-8793-45ff-a936-b4fe913d8e43';
INSERT INTO question_skills (question_id, skill_id, role) VALUES ('189a2d07-8793-45ff-a936-b4fe913d8e43', 'net_change_vs_total_change_context', 'supporting');
INSERT INTO question_skills (question_id, skill_id, role) VALUES ('189a2d07-8793-45ff-a936-b4fe913d8e43', 'accumulation_from_rate', 'supporting');
INSERT INTO question_skills (question_id, skill_id, role) VALUES ('189a2d07-8793-45ff-a936-b4fe913d8e43', 'motion_position_with_initial_condition', 'primary');
UPDATE questions SET 
    primary_skill_id = 'motion_position_with_initial_condition', 
    supporting_skill_ids = '{"net_change_vs_total_change_context","accumulation_from_rate"}', 
    target_time_seconds = 180, 
    weight_primary = 0.7, 
    weight_supporting = 0.3, 
    prompt_type = 'text', 
    micro_explanations = '{"A":"Incorrect. Re-evaluate the setup of the integral, including bounds, integrand, and differential (dx or dy).","B":"Incorrect. Re-evaluate the setup of the integral, including bounds, integrand, and differential (dx or dy).","C":"Correct. This application of integration follows the standard geometric and physical principles.","D":"Incorrect. Re-evaluate the setup of the integral, including bounds, integrand, and differential (dx or dy)."}', 
    skill_tags = '{"net_change_vs_total_change_context","accumulation_from_rate","motion_position_with_initial_condition"}', 
    error_tags = '{"accumulation_net_vs_total_confusion","accumulation_bounds_misread_context","algebra_simplification_error"}', 
    options = '[{"id":"A","value":"$0$"},{"id":"B","value":"$2$"},{"id":"C","value":"$4$"},{"id":"D","value":"$8$"}]',
    updated_at = NOW() 
WHERE id = '189a2d07-8793-45ff-a936-b4fe913d8e43';
DELETE FROM question_skills WHERE question_id = '1b426fb4-0188-4cb3-8bde-df050cd920a7';
INSERT INTO question_skills (question_id, skill_id, role) VALUES ('1b426fb4-0188-4cb3-8bde-df050cd920a7', 'average_value_interpretation', 'primary');
INSERT INTO question_skills (question_id, skill_id, role) VALUES ('1b426fb4-0188-4cb3-8bde-df050cd920a7', 'units_interpretation_in_applications', 'supporting');
UPDATE questions SET 
    primary_skill_id = 'average_value_interpretation', 
    supporting_skill_ids = '{"units_interpretation_in_applications"}', 
    target_time_seconds = 150, 
    weight_primary = 0.8, 
    weight_supporting = 0.2, 
    prompt_type = 'text', 
    micro_explanations = '{"A":"Correct. The average value of f on $[a, b]$ is [1/(b-a)] * integral of $f(x)$ from a to b.","B":"Incorrect. Remember to multiply the integral by the reciprocal of the interval width 1/(b-a).","C":"Incorrect. Remember to multiply the integral by the reciprocal of the interval width 1/(b-a).","D":"Incorrect. Remember to multiply the integral by the reciprocal of the interval width 1/(b-a)."}', 
    skill_tags = '{"average_value_interpretation","units_interpretation_in_applications"}', 
    error_tags = '{"avg_value_missing_divide_by_interval","motion_units_mismatch","algebra_simplification_error"}', 
    options = '[{"id":"A","value":"The constant power level that would produce the same total energy over 6 hours."},{"id":"B","value":"The total energy produced over 6 hours."},{"id":"C","value":"The maximum power output during the 6 hours."},{"id":"D","value":"The time when the power output is increasing fastest."}]',
    updated_at = NOW() 
WHERE id = '1b426fb4-0188-4cb3-8bde-df050cd920a7';
DELETE FROM question_skills WHERE question_id = '20276c63-b20b-415b-871c-7f1ab25ca8b1';
INSERT INTO question_skills (question_id, skill_id, role) VALUES ('20276c63-b20b-415b-871c-7f1ab25ca8b1', 'disk_method_setup', 'supporting');
INSERT INTO question_skills (question_id, skill_id, role) VALUES ('20276c63-b20b-415b-871c-7f1ab25ca8b1', 'disk_method_radius_expression', 'supporting');
INSERT INTO question_skills (question_id, skill_id, role) VALUES ('20276c63-b20b-415b-871c-7f1ab25ca8b1', 'volume_revolution_about_shifted_axis', 'primary');
UPDATE questions SET 
    primary_skill_id = 'volume_revolution_about_shifted_axis', 
    supporting_skill_ids = '{"disk_method_setup","disk_method_radius_expression"}', 
    target_time_seconds = 180, 
    weight_primary = 0.7, 
    weight_supporting = 0.3, 
    prompt_type = 'text', 
    micro_explanations = '{"A":"Correct. Volume formulas (Disk, Washer, Cross-sections) require integrating the area function $A(x)$ or $A(y)$.","B":"Incorrect. Verify if you need the Disk method (pi * $R^2$) or Washer method (pi * ($R^2$ - $r^2$)) and check the axis of rotation.","C":"Incorrect. Verify if you need the Disk method (pi * $R^2$) or Washer method (pi * ($R^2$ - $r^2$)) and check the axis of rotation.","D":"Incorrect. Verify if you need the Disk method (pi * $R^2$) or Washer method (pi * ($R^2$ - $r^2$)) and check the axis of rotation."}', 
    skill_tags = '{"disk_method_setup","disk_method_radius_expression","volume_revolution_about_shifted_axis"}', 
    error_tags = '{"washer_vs_disk_confusion","missing_pi_factor","squared_radius_missing"}', 
    options = '[{"id":"A","value":"$\\pi$\\int _a^b (f(x))^2 dx$"},{"id":"B","value":"$\\int _a^b f(x) dx$"},{"id":"C","value":"2$\\pi$\\int _a^b f(x) dx$"},{"id":"D","value":"$\\pi$\\int _a^b f(x) dx$"}]',
    updated_at = NOW() 
WHERE id = '20276c63-b20b-415b-871c-7f1ab25ca8b1';
DELETE FROM question_skills WHERE question_id = '21f3b314-4620-45b7-b08c-522b1b1b6b3d';
INSERT INTO question_skills (question_id, skill_id, role) VALUES ('21f3b314-4620-45b7-b08c-522b1b1b6b3d', 'area_between_curves_dy_setup', 'primary');
INSERT INTO question_skills (question_id, skill_id, role) VALUES ('21f3b314-4620-45b7-b08c-522b1b1b6b3d', 'area_top_minus_bottom_or_right_minus_left', 'supporting');
UPDATE questions SET 
    primary_skill_id = 'area_between_curves_dy_setup', 
    supporting_skill_ids = '{"area_top_minus_bottom_or_right_minus_left"}', 
    target_time_seconds = 180, 
    weight_primary = 0.8, 
    weight_supporting = 0.2, 
    prompt_type = 'text', 
    micro_explanations = '{"A":"Correct. Area between curves is the integral of [Top - Bottom] or [Right - Left] over the boundaries.","B":"Incorrect. Check your boundary selection and ensure you integrate the difference of the functions.","C":"Incorrect. Check your boundary selection and ensure you integrate the difference of the functions.","D":"Incorrect. Check your boundary selection and ensure you integrate the difference of the functions."}', 
    skill_tags = '{"area_between_curves_dy_setup","area_top_minus_bottom_or_right_minus_left"}', 
    error_tags = '{"area_wrong_dx_dy_choice","area_wrong_top_minus_bottom","area_intersections_incorrect"}', 
    options = '[{"id":"A","value":"$\\int _{-2}^{1} ((2-y)-y^2) dy$"},{"id":"B","value":"$\\int _{-2}^{1} (y^2-(2-y)) dy$"},{"id":"C","value":"$\\int _{0}^{2} ((2-y)-y^2) dy$"},{"id":"D","value":"$\\int _{-2}^{1} ((2-y)^2-(y^2)^2) dy$"}]',
    updated_at = NOW() 
WHERE id = '21f3b314-4620-45b7-b08c-522b1b1b6b3d';
DELETE FROM question_skills WHERE question_id = '243a4a21-b161-4357-9fe7-c0288508f525';
INSERT INTO question_skills (question_id, skill_id, role) VALUES ('243a4a21-b161-4357-9fe7-c0288508f525', 'area_top_minus_bottom_or_right_minus_left', 'supporting');
INSERT INTO question_skills (question_id, skill_id, role) VALUES ('243a4a21-b161-4357-9fe7-c0288508f525', 'area_between_curves_dx_setup', 'primary');
UPDATE questions SET 
    primary_skill_id = 'area_between_curves_dx_setup', 
    supporting_skill_ids = '{"area_top_minus_bottom_or_right_minus_left"}', 
    target_time_seconds = 150, 
    weight_primary = 0.8, 
    weight_supporting = 0.2, 
    prompt_type = 'text', 
    micro_explanations = '{"A":"Correct. Area between curves is the integral of [Top - Bottom] or [Right - Left] over the boundaries.","B":"Incorrect. Check your boundary selection and ensure you integrate the difference of the functions.","C":"Incorrect. Check your boundary selection and ensure you integrate the difference of the functions.","D":"Incorrect. Check your boundary selection and ensure you integrate the difference of the functions."}', 
    skill_tags = '{"area_top_minus_bottom_or_right_minus_left","area_between_curves_dx_setup"}', 
    error_tags = '{"area_wrong_top_minus_bottom","area_missing_abs_value","algebra_simplification_error"}', 
    options = '[{"id":"A","value":"$1/4$"},{"id":"B","value":"$1/2$"},{"id":"C","value":"$3/4$"},{"id":"D","value":"$0$"}]',
    updated_at = NOW() 
WHERE id = '243a4a21-b161-4357-9fe7-c0288508f525';
DELETE FROM question_skills WHERE question_id = '2abf3b03-3490-4e15-a969-92326903d26f';
INSERT INTO question_skills (question_id, skill_id, role) VALUES ('2abf3b03-3490-4e15-a969-92326903d26f', 'accumulation_from_rate', 'supporting');
INSERT INTO question_skills (question_id, skill_id, role) VALUES ('2abf3b03-3490-4e15-a969-92326903d26f', 'bounds_from_context', 'supporting');
INSERT INTO question_skills (question_id, skill_id, role) VALUES ('2abf3b03-3490-4e15-a969-92326903d26f', 'motion_position_with_initial_condition', 'primary');
UPDATE questions SET 
    primary_skill_id = 'motion_position_with_initial_condition', 
    supporting_skill_ids = '{"accumulation_from_rate","bounds_from_context"}', 
    target_time_seconds = 180, 
    weight_primary = 0.7, 
    weight_supporting = 0.3, 
    prompt_type = 'text', 
    micro_explanations = '{"A":"Incorrect. Re-evaluate the setup of the integral, including bounds, integrand, and differential (dx or dy).","B":"Correct. This application of integration follows the standard geometric and physical principles.","C":"Incorrect. Re-evaluate the setup of the integral, including bounds, integrand, and differential (dx or dy).","D":"Incorrect. Re-evaluate the setup of the integral, including bounds, integrand, and differential (dx or dy)."}', 
    skill_tags = '{"accumulation_from_rate","bounds_from_context","motion_position_with_initial_condition"}', 
    error_tags = '{"accumulation_bounds_misread_context","accumulation_net_vs_total_confusion","rounding_too_early"}', 
    options = '[{"id":"A","value":"$3$"},{"id":"B","value":"$5$"},{"id":"C","value":"$7$"},{"id":"D","value":"$9$"}]',
    updated_at = NOW() 
WHERE id = '2abf3b03-3490-4e15-a969-92326903d26f';
DELETE FROM question_skills WHERE question_id = '2c20fb9c-e5de-43e8-82b3-75d6cf47aa8c';
INSERT INTO question_skills (question_id, skill_id, role) VALUES ('2c20fb9c-e5de-43e8-82b3-75d6cf47aa8c', 'disk_method_setup', 'supporting');
INSERT INTO question_skills (question_id, skill_id, role) VALUES ('2c20fb9c-e5de-43e8-82b3-75d6cf47aa8c', 'disk_method_evaluation', 'supporting');
INSERT INTO question_skills (question_id, skill_id, role) VALUES ('2c20fb9c-e5de-43e8-82b3-75d6cf47aa8c', 'volume_revolution_about_shifted_axis', 'primary');
UPDATE questions SET 
    primary_skill_id = 'volume_revolution_about_shifted_axis', 
    supporting_skill_ids = '{"disk_method_setup","disk_method_evaluation"}', 
    target_time_seconds = 180, 
    weight_primary = 0.7, 
    weight_supporting = 0.3, 
    prompt_type = 'text', 
    micro_explanations = '{"A":"Correct. Volume formulas (Disk, Washer, Cross-sections) require integrating the area function $A(x)$ or $A(y)$.","B":"Incorrect. Verify if you need the Disk method (pi * $R^2$) or Washer method (pi * ($R^2$ - $r^2$)) and check the axis of rotation.","C":"Incorrect. Verify if you need the Disk method (pi * $R^2$) or Washer method (pi * ($R^2$ - $r^2$)) and check the axis of rotation.","D":"Incorrect. Verify if you need the Disk method (pi * $R^2$) or Washer method (pi * ($R^2$ - $r^2$)) and check the axis of rotation."}', 
    skill_tags = '{"disk_method_setup","disk_method_evaluation","volume_revolution_about_shifted_axis"}', 
    error_tags = '{"missing_pi_factor","squared_radius_missing","algebra_simplification_error"}', 
    options = '[{"id":"A","value":"32$\\pi$/5"},{"id":"B","value":"16$\\pi$/5"},{"id":"C","value":"32$\\pi$/3"},{"id":"D","value":"8$\\pi$/5"}]',
    updated_at = NOW() 
WHERE id = '2c20fb9c-e5de-43e8-82b3-75d6cf47aa8c';
DELETE FROM question_skills WHERE question_id = '2c689f9b-7fc2-470a-9237-5b69245cfcba';
INSERT INTO question_skills (question_id, skill_id, role) VALUES ('2c689f9b-7fc2-470a-9237-5b69245cfcba', 'disk_method_setup', 'supporting');
INSERT INTO question_skills (question_id, skill_id, role) VALUES ('2c689f9b-7fc2-470a-9237-5b69245cfcba', 'disk_method_bounds', 'supporting');
INSERT INTO question_skills (question_id, skill_id, role) VALUES ('2c689f9b-7fc2-470a-9237-5b69245cfcba', 'volume_revolution_about_shifted_axis', 'primary');
UPDATE questions SET 
    primary_skill_id = 'volume_revolution_about_shifted_axis', 
    supporting_skill_ids = '{"disk_method_setup","disk_method_bounds"}', 
    target_time_seconds = 180, 
    weight_primary = 0.7, 
    weight_supporting = 0.3, 
    prompt_type = 'text', 
    micro_explanations = '{"A":"Correct. Volume formulas (Disk, Washer, Cross-sections) require integrating the area function $A(x)$ or $A(y)$.","B":"Incorrect. Verify if you need the Disk method (pi * $R^2$) or Washer method (pi * ($R^2$ - $r^2$)) and check the axis of rotation.","C":"Incorrect. Verify if you need the Disk method (pi * $R^2$) or Washer method (pi * ($R^2$ - $r^2$)) and check the axis of rotation.","D":"Incorrect. Verify if you need the Disk method (pi * $R^2$) or Washer method (pi * ($R^2$ - $r^2$)) and check the axis of rotation."}', 
    skill_tags = '{"disk_method_setup","disk_method_bounds","volume_revolution_about_shifted_axis"}', 
    error_tags = '{"wrong_radius_expression","missing_pi_factor","wrong_bounds"}', 
    options = '[{"id":"A","value":"8$\\pi$/3"},{"id":"B","value":"4$\\pi$/3"},{"id":"C","value":"$8\\pi$"},{"id":"D","value":"16$\\pi$/3"}]',
    updated_at = NOW() 
WHERE id = '2c689f9b-7fc2-470a-9237-5b69245cfcba';
DELETE FROM question_skills WHERE question_id = '2ebdfdda-162a-4aea-887f-57dd3f9b4fb3';
INSERT INTO question_skills (question_id, skill_id, role) VALUES ('2ebdfdda-162a-4aea-887f-57dd3f9b4fb3', 'washer_method_evaluation', 'supporting');
INSERT INTO question_skills (question_id, skill_id, role) VALUES ('2ebdfdda-162a-4aea-887f-57dd3f9b4fb3', 'washer_shift_radius_adjustment', 'supporting');
INSERT INTO question_skills (question_id, skill_id, role) VALUES ('2ebdfdda-162a-4aea-887f-57dd3f9b4fb3', 'arc_length_formula', 'primary');
UPDATE questions SET 
    primary_skill_id = 'arc_length_formula', 
    supporting_skill_ids = '{"washer_method_evaluation","washer_shift_radius_adjustment"}', 
    target_time_seconds = 210, 
    weight_primary = 0.7, 
    weight_supporting = 0.3, 
    prompt_type = 'text', 
    micro_explanations = '{"A":"Correct. Arc length is the integral of sqrt(1 + [$f''(x)$]^2) over the interval.","B":"Incorrect. Review the arc length formula and ensure your derivative $f''(x)$ is correctly squared inside the square root.","C":"Incorrect. Review the arc length formula and ensure your derivative $f''(x)$ is correctly squared inside the square root.","D":"Incorrect. Review the arc length formula and ensure your derivative $f''(x)$ is correctly squared inside the square root."}', 
    skill_tags = '{"washer_method_evaluation","washer_shift_radius_adjustment","arc_length_formula"}', 
    error_tags = '{"shift_not_applied","algebra_simplification_error","inner_outer_swapped"}', 
    options = '[{"id":"A","value":"544$\\pi$/15"},{"id":"B","value":"272$\\pi$/15"},{"id":"C","value":"424$\\pi$/15"},{"id":"D","value":"544$\\pi$/5"}]',
    updated_at = NOW() 
WHERE id = '2ebdfdda-162a-4aea-887f-57dd3f9b4fb3';
DELETE FROM question_skills WHERE question_id = '2f1454f2-8e5d-4a7e-beb6-709f5fab1daa';
INSERT INTO question_skills (question_id, skill_id, role) VALUES ('2f1454f2-8e5d-4a7e-beb6-709f5fab1daa', 'axis_shift_handling', 'supporting');
INSERT INTO question_skills (question_id, skill_id, role) VALUES ('2f1454f2-8e5d-4a7e-beb6-709f5fab1daa', 'washer_shift_radius_adjustment', 'supporting');
INSERT INTO question_skills (question_id, skill_id, role) VALUES ('2f1454f2-8e5d-4a7e-beb6-709f5fab1daa', 'arc_length_formula', 'primary');
UPDATE questions SET 
    primary_skill_id = 'arc_length_formula', 
    supporting_skill_ids = '{"axis_shift_handling","washer_shift_radius_adjustment"}', 
    target_time_seconds = 180, 
    weight_primary = 0.7, 
    weight_supporting = 0.3, 
    prompt_type = 'text', 
    micro_explanations = '{"A":"Correct. Arc length is the integral of sqrt(1 + [$f''(x)$]^2) over the interval.","B":"Incorrect. Review the arc length formula and ensure your derivative $f''(x)$ is correctly squared inside the square root.","C":"Incorrect. Review the arc length formula and ensure your derivative $f''(x)$ is correctly squared inside the square root.","D":"Incorrect. Review the arc length formula and ensure your derivative $f''(x)$ is correctly squared inside the square root."}', 
    skill_tags = '{"axis_shift_handling","washer_shift_radius_adjustment","arc_length_formula"}', 
    error_tags = '{"shift_not_applied","wrong_radius_expression","inner_outer_swapped"}', 
    options = '[{"id":"A","value":"$R(x)$=c-bo$t(x)$, $r(x)$=c-to$p(x)$"},{"id":"B","value":"$R(x)$=to$p(x)$-c, $r(x)$=bo$t(x)$-c"},{"id":"C","value":"$R(x)$=to$p(x)$-bo$t(x)$, $r(x)$=0"},{"id":"D","value":"$R(x)$=c-to$p(x)$, $r(x)$=c-bo$t(x)$"}]',
    updated_at = NOW() 
WHERE id = '2f1454f2-8e5d-4a7e-beb6-709f5fab1daa';
DELETE FROM question_skills WHERE question_id = '344ef49b-3cfb-49ea-bbab-99057779bd4f';
INSERT INTO question_skills (question_id, skill_id, role) VALUES ('344ef49b-3cfb-49ea-bbab-99057779bd4f', 'washer_method_setup', 'supporting');
INSERT INTO question_skills (question_id, skill_id, role) VALUES ('344ef49b-3cfb-49ea-bbab-99057779bd4f', 'washer_method_inner_outer_radius', 'supporting');
INSERT INTO question_skills (question_id, skill_id, role) VALUES ('344ef49b-3cfb-49ea-bbab-99057779bd4f', 'volume_cross_sections_setup', 'primary');
UPDATE questions SET 
    primary_skill_id = 'volume_cross_sections_setup', 
    supporting_skill_ids = '{"washer_method_setup","washer_method_inner_outer_radius"}', 
    target_time_seconds = 180, 
    weight_primary = 0.7, 
    weight_supporting = 0.3, 
    prompt_type = 'text', 
    micro_explanations = '{"A":"Correct. Volume formulas (Disk, Washer, Cross-sections) require integrating the area function $A(x)$ or $A(y)$.","B":"Incorrect. Verify if you need the Disk method (pi * $R^2$) or Washer method (pi * ($R^2$ - $r^2$)) and check the axis of rotation.","C":"Incorrect. Verify if you need the Disk method (pi * $R^2$) or Washer method (pi * ($R^2$ - $r^2$)) and check the axis of rotation.","D":"Incorrect. Verify if you need the Disk method (pi * $R^2$) or Washer method (pi * ($R^2$ - $r^2$)) and check the axis of rotation."}', 
    skill_tags = '{"washer_method_setup","washer_method_inner_outer_radius","volume_cross_sections_setup"}', 
    error_tags = '{"inner_outer_swapped","squared_radius_missing","missing_pi_factor"}', 
    options = '[{"id":"A","value":"16$\\pi$/3"},{"id":"B","value":"8$\\pi$/3"},{"id":"C","value":"$4\\pi$"},{"id":"D","value":"20$\\pi$/3"}]',
    updated_at = NOW() 
WHERE id = '344ef49b-3cfb-49ea-bbab-99057779bd4f';
DELETE FROM question_skills WHERE question_id = '352c7ca7-544c-4f9e-992f-d2b4afc24e9b';
INSERT INTO question_skills (question_id, skill_id, role) VALUES ('352c7ca7-544c-4f9e-992f-d2b4afc24e9b', 'net_change_vs_total_change_context', 'primary');
INSERT INTO question_skills (question_id, skill_id, role) VALUES ('352c7ca7-544c-4f9e-992f-d2b4afc24e9b', 'accumulation_from_rate', 'supporting');
UPDATE questions SET 
    primary_skill_id = 'net_change_vs_total_change_context', 
    supporting_skill_ids = '{"accumulation_from_rate"}', 
    target_time_seconds = 150, 
    weight_primary = 0.8, 
    weight_supporting = 0.2, 
    prompt_type = 'text', 
    micro_explanations = '{"A":"Incorrect. Re-evaluate the setup of the integral, including bounds, integrand, and differential (dx or dy).","B":"Correct. This application of integration follows the standard geometric and physical principles.","C":"Incorrect. Re-evaluate the setup of the integral, including bounds, integrand, and differential (dx or dy).","D":"Incorrect. Re-evaluate the setup of the integral, including bounds, integrand, and differential (dx or dy)."}', 
    skill_tags = '{"net_change_vs_total_change_context","accumulation_from_rate"}', 
    error_tags = '{"accumulation_net_vs_total_confusion","motion_displacement_distance_confusion","accumulation_bounds_misread_context"}', 
    options = '[{"id":"A","value":"$\\int _a^b r(t) dt$"},{"id":"B","value":"$\\int _a^b |r(t)| dt$"},{"id":"C","value":"|$\\int _a^b r(t) dt$|"},{"id":"D","value":"$\\int _a^b r(t)^2 dt$"}]',
    updated_at = NOW() 
WHERE id = '352c7ca7-544c-4f9e-992f-d2b4afc24e9b';
DELETE FROM question_skills WHERE question_id = '37c1ed76-a81c-4b6b-88f6-abe75f39ee73';
INSERT INTO question_skills (question_id, skill_id, role) VALUES ('37c1ed76-a81c-4b6b-88f6-abe75f39ee73', 'cross_section_semicircle_area', 'supporting');
INSERT INTO question_skills (question_id, skill_id, role) VALUES ('37c1ed76-a81c-4b6b-88f6-abe75f39ee73', 'volume_cross_sections_setup', 'supporting');
INSERT INTO question_skills (question_id, skill_id, role) VALUES ('37c1ed76-a81c-4b6b-88f6-abe75f39ee73', 'volume_disk_method_basic', 'primary');
UPDATE questions SET 
    primary_skill_id = 'volume_disk_method_basic', 
    supporting_skill_ids = '{"cross_section_semicircle_area","volume_cross_sections_setup"}', 
    target_time_seconds = 180, 
    weight_primary = 0.7, 
    weight_supporting = 0.3, 
    prompt_type = 'text', 
    micro_explanations = '{"A":"Correct. Volume formulas (Disk, Washer, Cross-sections) require integrating the area function $A(x)$ or $A(y)$.","B":"Incorrect. Verify if you need the Disk method (pi * $R^2$) or Washer method (pi * ($R^2$ - $r^2$)) and check the axis of rotation.","C":"Incorrect. Verify if you need the Disk method (pi * $R^2$) or Washer method (pi * ($R^2$ - $r^2$)) and check the axis of rotation.","D":"Incorrect. Verify if you need the Disk method (pi * $R^2$) or Washer method (pi * ($R^2$ - $r^2$)) and check the axis of rotation."}', 
    skill_tags = '{"cross_section_semicircle_area","volume_cross_sections_setup","volume_disk_method_basic"}', 
    error_tags = '{"wrong_cross_section_area_formula","algebra_simplification_error","bounds_from_context"}', 
    options = '[{"id":"A","value":"$\\pi$/8 $d(x)$^2"},{"id":"B","value":"$\\pi$/4 $d(x)$^2"},{"id":"C","value":"$\\pi$/2 $d(x)$"},{"id":"D","value":"$\\pi d(x)$^2"}]',
    updated_at = NOW() 
WHERE id = '37c1ed76-a81c-4b6b-88f6-abe75f39ee73';
DELETE FROM question_skills WHERE question_id = '382aa404-ba83-4409-b250-937e085ae233';
INSERT INTO question_skills (question_id, skill_id, role) VALUES ('382aa404-ba83-4409-b250-937e085ae233', 'average_value_from_graph_or_table', 'supporting');
INSERT INTO question_skills (question_id, skill_id, role) VALUES ('382aa404-ba83-4409-b250-937e085ae233', 'average_value_formula', 'primary');
UPDATE questions SET 
    primary_skill_id = 'average_value_formula', 
    supporting_skill_ids = '{"average_value_from_graph_or_table"}', 
    target_time_seconds = 180, 
    weight_primary = 0.8, 
    weight_supporting = 0.2, 
    prompt_type = 'text', 
    micro_explanations = '{"A":"Correct. The average value of f on $[a, b]$ is [1/(b-a)] * integral of $f(x)$ from a to b.","B":"Incorrect. Remember to multiply the integral by the reciprocal of the interval width 1/(b-a).","C":"Incorrect. Remember to multiply the integral by the reciprocal of the interval width 1/(b-a).","D":"Incorrect. Remember to multiply the integral by the reciprocal of the interval width 1/(b-a)."}', 
    skill_tags = '{"average_value_from_graph_or_table","average_value_formula"}', 
    error_tags = '{"avg_value_missing_divide_by_interval","avg_value_wrong_interval_length","rounding_too_early"}', 
    options = '[{"id":"A","value":"$21/8$"},{"id":"B","value":"$21/4$"},{"id":"C","value":"$9/4$"},{"id":"D","value":"$21/2$"}]',
    updated_at = NOW() 
WHERE id = '382aa404-ba83-4409-b250-937e085ae233';
DELETE FROM question_skills WHERE question_id = '400d0056-1257-426f-aadc-581d77a45a57';
INSERT INTO question_skills (question_id, skill_id, role) VALUES ('400d0056-1257-426f-aadc-581d77a45a57', 'motion_velocity_from_acceleration_with_initial', 'supporting');
INSERT INTO question_skills (question_id, skill_id, role) VALUES ('400d0056-1257-426f-aadc-581d77a45a57', 'bounds_from_context', 'supporting');
INSERT INTO question_skills (question_id, skill_id, role) VALUES ('400d0056-1257-426f-aadc-581d77a45a57', 'accumulation_from_rate', 'primary');
UPDATE questions SET 
    primary_skill_id = 'accumulation_from_rate', 
    supporting_skill_ids = '{"motion_velocity_from_acceleration_with_initial","bounds_from_context"}', 
    target_time_seconds = 180, 
    weight_primary = 0.7, 
    weight_supporting = 0.3, 
    prompt_type = 'text', 
    micro_explanations = '{"A":"Incorrect. Re-evaluate the setup of the integral, including bounds, integrand, and differential (dx or dy).","B":"Correct. This application of integration follows the standard geometric and physical principles.","C":"Incorrect. Re-evaluate the setup of the integral, including bounds, integrand, and differential (dx or dy).","D":"Incorrect. Re-evaluate the setup of the integral, including bounds, integrand, and differential (dx or dy)."}', 
    skill_tags = '{"motion_velocity_from_acceleration_with_initial","bounds_from_context","accumulation_from_rate"}', 
    error_tags = '{"motion_forget_initial_condition","rounding_too_early","motion_units_mismatch"}', 
    options = '[{"id":"A","value":"$3$"},{"id":"B","value":"$4$"},{"id":"C","value":"$5$"},{"id":"D","value":"$2$"}]',
    updated_at = NOW() 
WHERE id = '400d0056-1257-426f-aadc-581d77a45a57';
DELETE FROM question_skills WHERE question_id = '41d4eb24-965a-48b2-bcd3-36df3f25eb18';
INSERT INTO question_skills (question_id, skill_id, role) VALUES ('41d4eb24-965a-48b2-bcd3-36df3f25eb18', 'motion_position_with_initial_condition', 'supporting');
INSERT INTO question_skills (question_id, skill_id, role) VALUES ('41d4eb24-965a-48b2-bcd3-36df3f25eb18', 'motion_displacement_from_velocity', 'supporting');
INSERT INTO question_skills (question_id, skill_id, role) VALUES ('41d4eb24-965a-48b2-bcd3-36df3f25eb18', 'accumulation_from_rate', 'primary');
UPDATE questions SET 
    primary_skill_id = 'accumulation_from_rate', 
    supporting_skill_ids = '{"motion_position_with_initial_condition","motion_displacement_from_velocity"}', 
    target_time_seconds = 180, 
    weight_primary = 0.7, 
    weight_supporting = 0.3, 
    prompt_type = 'text', 
    micro_explanations = '{"A":"Incorrect. Re-evaluate the setup of the integral, including bounds, integrand, and differential (dx or dy).","B":"Correct. This application of integration follows the standard geometric and physical principles.","C":"Incorrect. Re-evaluate the setup of the integral, including bounds, integrand, and differential (dx or dy).","D":"Incorrect. Re-evaluate the setup of the integral, including bounds, integrand, and differential (dx or dy)."}', 
    skill_tags = '{"motion_position_with_initial_condition","motion_displacement_from_velocity","accumulation_from_rate"}', 
    error_tags = '{"motion_forget_initial_condition","motion_sign_mistake","algebra_simplification_error"}', 
    options = '[{"id":"A","value":"$2$"},{"id":"B","value":"$5$"},{"id":"C","value":"$8$"},{"id":"D","value":"$11$"}]',
    updated_at = NOW() 
WHERE id = '41d4eb24-965a-48b2-bcd3-36df3f25eb18';
DELETE FROM question_skills WHERE question_id = '44e18621-fe3a-4a50-85f5-a24af76806d9';
INSERT INTO question_skills (question_id, skill_id, role) VALUES ('44e18621-fe3a-4a50-85f5-a24af76806d9', 'accumulation_from_rate', 'supporting');
INSERT INTO question_skills (question_id, skill_id, role) VALUES ('44e18621-fe3a-4a50-85f5-a24af76806d9', 'units_interpretation_in_applications', 'supporting');
INSERT INTO question_skills (question_id, skill_id, role) VALUES ('44e18621-fe3a-4a50-85f5-a24af76806d9', 'motion_position_with_initial_condition', 'primary');
UPDATE questions SET 
    primary_skill_id = 'motion_position_with_initial_condition', 
    supporting_skill_ids = '{"accumulation_from_rate","units_interpretation_in_applications"}', 
    target_time_seconds = 180, 
    weight_primary = 0.7, 
    weight_supporting = 0.3, 
    prompt_type = 'text', 
    micro_explanations = '{"A":"Incorrect. Re-evaluate the setup of the integral, including bounds, integrand, and differential (dx or dy).","B":"Correct. This application of integration follows the standard geometric and physical principles.","C":"Incorrect. Re-evaluate the setup of the integral, including bounds, integrand, and differential (dx or dy).","D":"Incorrect. Re-evaluate the setup of the integral, including bounds, integrand, and differential (dx or dy)."}', 
    skill_tags = '{"accumulation_from_rate","units_interpretation_in_applications","motion_position_with_initial_condition"}', 
    error_tags = '{"rounding_too_early","accumulation_units_mismatch","accumulation_bounds_misread_context"}', 
    options = '[{"id":"A","value":"$12$"},{"id":"B","value":"$25/2$"},{"id":"C","value":"$13$"},{"id":"D","value":"$10$"}]',
    updated_at = NOW() 
WHERE id = '44e18621-fe3a-4a50-85f5-a24af76806d9';
DELETE FROM question_skills WHERE question_id = '48c81e29-b753-405e-a4ef-3928781a602e';
INSERT INTO question_skills (question_id, skill_id, role) VALUES ('48c81e29-b753-405e-a4ef-3928781a602e', 'average_value_formula', 'primary');
INSERT INTO question_skills (question_id, skill_id, role) VALUES ('48c81e29-b753-405e-a4ef-3928781a602e', 'bounds_from_context', 'supporting');
UPDATE questions SET 
    primary_skill_id = 'average_value_formula', 
    supporting_skill_ids = '{"bounds_from_context"}', 
    target_time_seconds = 120, 
    weight_primary = 0.8, 
    weight_supporting = 0.2, 
    prompt_type = 'text', 
    micro_explanations = '{"A":"Incorrect. Remember to multiply the integral by the reciprocal of the interval width 1/(b-a).","B":"Correct. The average value of f on $[a, b]$ is [1/(b-a)] * integral of $f(x)$ from a to b.","C":"Incorrect. Remember to multiply the integral by the reciprocal of the interval width 1/(b-a).","D":"Incorrect. Remember to multiply the integral by the reciprocal of the interval width 1/(b-a)."}', 
    skill_tags = '{"average_value_formula","bounds_from_context"}', 
    error_tags = '{"avg_value_missing_divide_by_interval","avg_value_wrong_interval_length","algebra_simplification_error"}', 
    options = '[{"id":"A","value":"$8$"},{"id":"B","value":"$11$"},{"id":"C","value":"$14$"},{"id":"D","value":"$17$"}]',
    updated_at = NOW() 
WHERE id = '48c81e29-b753-405e-a4ef-3928781a602e';
DELETE FROM question_skills WHERE question_id = '57a7fa38-095b-4444-a828-7d47de27a4c3';
INSERT INTO question_skills (question_id, skill_id, role) VALUES ('57a7fa38-095b-4444-a828-7d47de27a4c3', 'area_between_curves_dx_setup', 'primary');
INSERT INTO question_skills (question_id, skill_id, role) VALUES ('57a7fa38-095b-4444-a828-7d47de27a4c3', 'area_top_minus_bottom_or_right_minus_left', 'supporting');
UPDATE questions SET 
    primary_skill_id = 'area_between_curves_dx_setup', 
    supporting_skill_ids = '{"area_top_minus_bottom_or_right_minus_left"}', 
    target_time_seconds = 150, 
    weight_primary = 0.8, 
    weight_supporting = 0.2, 
    prompt_type = 'text', 
    micro_explanations = '{"A":"Correct. Area between curves is the integral of [Top - Bottom] or [Right - Left] over the boundaries.","B":"Incorrect. Check your boundary selection and ensure you integrate the difference of the functions.","C":"Incorrect. Check your boundary selection and ensure you integrate the difference of the functions.","D":"Incorrect. Check your boundary selection and ensure you integrate the difference of the functions."}', 
    skill_tags = '{"area_between_curves_dx_setup","area_top_minus_bottom_or_right_minus_left"}', 
    error_tags = '{"area_wrong_top_minus_bottom","area_intersections_incorrect","area_missing_abs_value"}', 
    options = '[{"id":"A","value":"$\\int _0^2 [(4x-x^2)-x^2] dx$"},{"id":"B","value":"$\\int _0^2 [x^2-(4x-x^2)] dx$"},{"id":"C","value":"$\\int _0^4 [(4x-x^2)-x^2] dx$"},{"id":"D","value":"$\\int _0^2 |(4x-x^2)+x^2| dx$"}]',
    updated_at = NOW() 
WHERE id = '57a7fa38-095b-4444-a828-7d47de27a4c3';
DELETE FROM question_skills WHERE question_id = '5ce67712-d4ec-4720-aaae-f070ae630b07';
INSERT INTO question_skills (question_id, skill_id, role) VALUES ('5ce67712-d4ec-4720-aaae-f070ae630b07', 'disk_shift_radius_adjustment', 'supporting');
INSERT INTO question_skills (question_id, skill_id, role) VALUES ('5ce67712-d4ec-4720-aaae-f070ae630b07', 'disk_method_evaluation', 'supporting');
INSERT INTO question_skills (question_id, skill_id, role) VALUES ('5ce67712-d4ec-4720-aaae-f070ae630b07', 'washer_method_setup', 'primary');
UPDATE questions SET 
    primary_skill_id = 'washer_method_setup', 
    supporting_skill_ids = '{"disk_shift_radius_adjustment","disk_method_evaluation"}', 
    target_time_seconds = 180, 
    weight_primary = 0.7, 
    weight_supporting = 0.3, 
    prompt_type = 'text', 
    micro_explanations = '{"A":"Correct. This application of integration follows the standard geometric and physical principles.","B":"Incorrect. Re-evaluate the setup of the integral, including bounds, integrand, and differential (dx or dy).","C":"Incorrect. Re-evaluate the setup of the integral, including bounds, integrand, and differential (dx or dy).","D":"Incorrect. Re-evaluate the setup of the integral, including bounds, integrand, and differential (dx or dy)."}', 
    skill_tags = '{"disk_shift_radius_adjustment","disk_method_evaluation","washer_method_setup"}', 
    error_tags = '{"shift_not_applied","algebra_simplification_error","squared_radius_missing"}', 
    options = '[{"id":"A","value":"16$\\pi$/15"},{"id":"B","value":"8$\\pi$/15"},{"id":"C","value":"4$\\pi$/3"},{"id":"D","value":"2$\\pi$/3"}]',
    updated_at = NOW() 
WHERE id = '5ce67712-d4ec-4720-aaae-f070ae630b07';
DELETE FROM question_skills WHERE question_id = '5d33cace-d80f-4c93-9d38-b3c8b5f3cb5c';
INSERT INTO question_skills (question_id, skill_id, role) VALUES ('5d33cace-d80f-4c93-9d38-b3c8b5f3cb5c', 'area_multiple_intersections_split', 'supporting');
INSERT INTO question_skills (question_id, skill_id, role) VALUES ('5d33cace-d80f-4c93-9d38-b3c8b5f3cb5c', 'area_top_minus_bottom_or_right_minus_left', 'primary');
UPDATE questions SET 
    primary_skill_id = 'area_top_minus_bottom_or_right_minus_left', 
    supporting_skill_ids = '{"area_multiple_intersections_split"}', 
    target_time_seconds = 210, 
    weight_primary = 0.8, 
    weight_supporting = 0.2, 
    prompt_type = 'text', 
    micro_explanations = '{"A":"Incorrect. Re-evaluate the setup of the integral, including bounds, integrand, and differential (dx or dy).","B":"Correct. This application of integration follows the standard geometric and physical principles.","C":"Incorrect. Re-evaluate the setup of the integral, including bounds, integrand, and differential (dx or dy).","D":"Incorrect. Re-evaluate the setup of the integral, including bounds, integrand, and differential (dx or dy)."}', 
    skill_tags = '{"area_multiple_intersections_split","area_top_minus_bottom_or_right_minus_left"}', 
    error_tags = '{"area_missing_split_interval","area_missing_abs_value","area_intersections_incorrect"}', 
    options = '[{"id":"A","value":"$\\int_0^{2\\pi}(\\sin x-\\sin(2x))\\,dx$"},{"id":"B","value":"$\\int_0^{2\\pi}|\\sin x-\\sin(2x)|\\,dx$"},{"id":"C","value":"$\\int_0^{\\pi}(\\sin x-\\sin(2x))\\,dx$"},{"id":"D","value":"$\\int_0^{2\\pi}(\\sin x+\\sin(2x))\\,dx$"}]',
    updated_at = NOW() 
WHERE id = '5d33cace-d80f-4c93-9d38-b3c8b5f3cb5c';
DELETE FROM question_skills WHERE question_id = '60aea1df-a460-485b-8013-12ddffdcf88c';
INSERT INTO question_skills (question_id, skill_id, role) VALUES ('60aea1df-a460-485b-8013-12ddffdcf88c', 'average_value_formula', 'primary');
INSERT INTO question_skills (question_id, skill_id, role) VALUES ('60aea1df-a460-485b-8013-12ddffdcf88c', 'bounds_from_context', 'supporting');
UPDATE questions SET 
    primary_skill_id = 'average_value_formula', 
    supporting_skill_ids = '{"bounds_from_context"}', 
    target_time_seconds = 150, 
    weight_primary = 0.8, 
    weight_supporting = 0.2, 
    prompt_type = 'text', 
    micro_explanations = '{"A":"Correct. The average value of f on $[a, b]$ is [1/(b-a)] * integral of $f(x)$ from a to b.","B":"Incorrect. Remember to multiply the integral by the reciprocal of the interval width 1/(b-a).","C":"Incorrect. Remember to multiply the integral by the reciprocal of the interval width 1/(b-a).","D":"Incorrect. Remember to multiply the integral by the reciprocal of the interval width 1/(b-a)."}', 
    skill_tags = '{"average_value_formula","bounds_from_context"}', 
    error_tags = '{"avg_value_missing_divide_by_interval","avg_value_wrong_interval_length","algebra_simplification_error"}', 
    options = '[{"id":"A","value":"$1/3$"},{"id":"B","value":"$2/3$"},{"id":"C","value":"$4/3$"},{"id":"D","value":"$1/6$"}]',
    updated_at = NOW() 
WHERE id = '60aea1df-a460-485b-8013-12ddffdcf88c';
DELETE FROM question_skills WHERE question_id = '65f2104c-b6a9-4779-8ba7-c0b69ff96576';
INSERT INTO question_skills (question_id, skill_id, role) VALUES ('65f2104c-b6a9-4779-8ba7-c0b69ff96576', 'area_between_curves_dy_setup', 'primary');
INSERT INTO question_skills (question_id, skill_id, role) VALUES ('65f2104c-b6a9-4779-8ba7-c0b69ff96576', 'area_top_minus_bottom_or_right_minus_left', 'supporting');
UPDATE questions SET 
    primary_skill_id = 'area_between_curves_dy_setup', 
    supporting_skill_ids = '{"area_top_minus_bottom_or_right_minus_left"}', 
    target_time_seconds = 150, 
    weight_primary = 0.8, 
    weight_supporting = 0.2, 
    prompt_type = 'text', 
    micro_explanations = '{"A":"Correct. Area between curves is the integral of [Top - Bottom] or [Right - Left] over the boundaries.","B":"Incorrect. Check your boundary selection and ensure you integrate the difference of the functions.","C":"Incorrect. Check your boundary selection and ensure you integrate the difference of the functions.","D":"Incorrect. Check your boundary selection and ensure you integrate the difference of the functions."}', 
    skill_tags = '{"area_between_curves_dy_setup","area_top_minus_bottom_or_right_minus_left"}', 
    error_tags = '{"area_wrong_dx_dy_choice","algebra_simplification_error","area_wrong_top_minus_bottom"}', 
    options = '[{"id":"A","value":"$\\frac{4}{3}$"},{"id":"B","value":"$\\frac{2}{3}$"},{"id":"C","value":"$\\frac{8}{3}$"},{"id":"D","value":"$\\frac{1}{3}$"}]',
    updated_at = NOW() 
WHERE id = '65f2104c-b6a9-4779-8ba7-c0b69ff96576';
DELETE FROM question_skills WHERE question_id = '6838d020-97d2-499b-abda-a204e72b6efd';
INSERT INTO question_skills (question_id, skill_id, role) VALUES ('6838d020-97d2-499b-abda-a204e72b6efd', 'average_value_from_graph_or_table', 'supporting');
INSERT INTO question_skills (question_id, skill_id, role) VALUES ('6838d020-97d2-499b-abda-a204e72b6efd', 'average_value_formula', 'primary');
UPDATE questions SET 
    primary_skill_id = 'average_value_formula', 
    supporting_skill_ids = '{"average_value_from_graph_or_table"}', 
    target_time_seconds = 150, 
    weight_primary = 0.8, 
    weight_supporting = 0.2, 
    prompt_type = 'text', 
    micro_explanations = '{"A":"Incorrect. Remember to multiply the integral by the reciprocal of the interval width 1/(b-a).","B":"Correct. The average value of f on $[a, b]$ is [1/(b-a)] * integral of $f(x)$ from a to b.","C":"Incorrect. Remember to multiply the integral by the reciprocal of the interval width 1/(b-a).","D":"Incorrect. Remember to multiply the integral by the reciprocal of the interval width 1/(b-a)."}', 
    skill_tags = '{"average_value_from_graph_or_table","average_value_formula"}', 
    error_tags = '{"avg_value_missing_divide_by_interval","avg_value_wrong_bounds","avg_value_integrand_misread"}', 
    options = '[{"id":"A","value":"$1$"},{"id":"B","value":"$3/2$"},{"id":"C","value":"$2$"},{"id":"D","value":"$3$"}]',
    updated_at = NOW() 
WHERE id = '6838d020-97d2-499b-abda-a204e72b6efd';
DELETE FROM question_skills WHERE question_id = '69a48f75-ec8c-4aa3-8603-29a32c45e72e';
INSERT INTO question_skills (question_id, skill_id, role) VALUES ('69a48f75-ec8c-4aa3-8603-29a32c45e72e', 'cross_section_rectangle_area', 'supporting');
INSERT INTO question_skills (question_id, skill_id, role) VALUES ('69a48f75-ec8c-4aa3-8603-29a32c45e72e', 'volume_cross_sections_setup', 'primary');
UPDATE questions SET 
    primary_skill_id = 'volume_cross_sections_setup', 
    supporting_skill_ids = '{"cross_section_rectangle_area"}', 
    target_time_seconds = 150, 
    weight_primary = 0.8, 
    weight_supporting = 0.2, 
    prompt_type = 'text', 
    micro_explanations = '{"A":"Correct. Volume formulas (Disk, Washer, Cross-sections) require integrating the area function $A(x)$ or $A(y)$.","B":"Incorrect. Verify if you need the Disk method (pi * $R^2$) or Washer method (pi * ($R^2$ - $r^2$)) and check the axis of rotation.","C":"Incorrect. Verify if you need the Disk method (pi * $R^2$) or Washer method (pi * ($R^2$ - $r^2$)) and check the axis of rotation.","D":"Incorrect. Verify if you need the Disk method (pi * $R^2$) or Washer method (pi * ($R^2$ - $r^2$)) and check the axis of rotation."}', 
    skill_tags = '{"cross_section_rectangle_area","volume_cross_sections_setup"}', 
    error_tags = '{"wrong_cross_section_area_formula","area_wrong_top_minus_bottom","algebra_simplification_error"}', 
    options = '[{"id":"A","value":"$\\int _a^b 3(f(x)-g(x))^2 dx$"},{"id":"B","value":"$\\int _a^b 3(f(x)-g(x)) dx$"},{"id":"C","value":"$\\int _a^b (f(x)-g(x))^2 dx$"},{"id":"D","value":"$\\int _a^b \\pi (f(x)-g(x))^2 dx$"}]',
    updated_at = NOW() 
WHERE id = '69a48f75-ec8c-4aa3-8603-29a32c45e72e';
DELETE FROM question_skills WHERE question_id = '6a3cd460-a07e-45f6-86ff-c7f8272cde07';
INSERT INTO question_skills (question_id, skill_id, role) VALUES ('6a3cd460-a07e-45f6-86ff-c7f8272cde07', 'cross_section_triangle_area', 'supporting');
INSERT INTO question_skills (question_id, skill_id, role) VALUES ('6a3cd460-a07e-45f6-86ff-c7f8272cde07', 'volume_cross_sections_setup', 'supporting');
INSERT INTO question_skills (question_id, skill_id, role) VALUES ('6a3cd460-a07e-45f6-86ff-c7f8272cde07', 'volume_disk_method_basic', 'primary');
UPDATE questions SET 
    primary_skill_id = 'volume_disk_method_basic', 
    supporting_skill_ids = '{"cross_section_triangle_area","volume_cross_sections_setup"}', 
    target_time_seconds = 180, 
    weight_primary = 0.7, 
    weight_supporting = 0.3, 
    prompt_type = 'text', 
    micro_explanations = '{"A":"Correct. Volume formulas (Disk, Washer, Cross-sections) require integrating the area function $A(x)$ or $A(y)$.","B":"Incorrect. Verify if you need the Disk method (pi * $R^2$) or Washer method (pi * ($R^2$ - $r^2$)) and check the axis of rotation.","C":"Incorrect. Verify if you need the Disk method (pi * $R^2$) or Washer method (pi * ($R^2$ - $r^2$)) and check the axis of rotation.","D":"Incorrect. Verify if you need the Disk method (pi * $R^2$) or Washer method (pi * ($R^2$ - $r^2$)) and check the axis of rotation."}', 
    skill_tags = '{"cross_section_triangle_area","volume_cross_sections_setup","volume_disk_method_basic"}', 
    error_tags = '{"wrong_cross_section_area_formula","bounds_from_context","algebra_simplification_error"}', 
    options = '[{"id":"A","value":"$4/3$"},{"id":"B","value":"$8/3$"},{"id":"C","value":"$2$"},{"id":"D","value":"$2/3$"}]',
    updated_at = NOW() 
WHERE id = '6a3cd460-a07e-45f6-86ff-c7f8272cde07';
DELETE FROM question_skills WHERE question_id = '6b7bb29a-de3d-4830-9095-62bceed17123';
INSERT INTO question_skills (question_id, skill_id, role) VALUES ('6b7bb29a-de3d-4830-9095-62bceed17123', 'area_between_curves_dx_setup', 'primary');
INSERT INTO question_skills (question_id, skill_id, role) VALUES ('6b7bb29a-de3d-4830-9095-62bceed17123', 'solve_intersections_for_bounds', 'supporting');
UPDATE questions SET 
    primary_skill_id = 'area_between_curves_dx_setup', 
    supporting_skill_ids = '{"solve_intersections_for_bounds"}', 
    target_time_seconds = 180, 
    weight_primary = 0.8, 
    weight_supporting = 0.2, 
    prompt_type = 'text', 
    micro_explanations = '{"A":"Correct. Area between curves is the integral of [Top - Bottom] or [Right - Left] over the boundaries.","B":"Incorrect. Check your boundary selection and ensure you integrate the difference of the functions.","C":"Incorrect. Check your boundary selection and ensure you integrate the difference of the functions.","D":"Incorrect. Check your boundary selection and ensure you integrate the difference of the functions."}', 
    skill_tags = '{"area_between_curves_dx_setup","solve_intersections_for_bounds"}', 
    error_tags = '{"area_wrong_top_minus_bottom","area_intersections_incorrect","algebra_simplification_error"}', 
    options = '[{"id":"A","value":"$8/3$"},{"id":"B","value":"$4/3$"},{"id":"C","value":"$8$"},{"id":"D","value":"$16/3$"}]',
    updated_at = NOW() 
WHERE id = '6b7bb29a-de3d-4830-9095-62bceed17123';
DELETE FROM question_skills WHERE question_id = '6bb7c325-f7c4-438f-b109-01de5e203065';
INSERT INTO question_skills (question_id, skill_id, role) VALUES ('6bb7c325-f7c4-438f-b109-01de5e203065', 'units_interpretation_in_applications', 'primary');
INSERT INTO question_skills (question_id, skill_id, role) VALUES ('6bb7c325-f7c4-438f-b109-01de5e203065', 'integration_modeling_from_context', 'supporting');
UPDATE questions SET 
    primary_skill_id = 'units_interpretation_in_applications', 
    supporting_skill_ids = '{"integration_modeling_from_context"}', 
    target_time_seconds = 150, 
    weight_primary = 0.8, 
    weight_supporting = 0.2, 
    prompt_type = 'text', 
    micro_explanations = '{"A":"Correct. This application of integration follows the standard geometric and physical principles.","B":"Incorrect. Re-evaluate the setup of the integral, including bounds, integrand, and differential (dx or dy).","C":"Incorrect. Re-evaluate the setup of the integral, including bounds, integrand, and differential (dx or dy).","D":"Incorrect. Re-evaluate the setup of the integral, including bounds, integrand, and differential (dx or dy)."}', 
    skill_tags = '{"units_interpretation_in_applications","integration_modeling_from_context"}', 
    error_tags = '{"accumulation_units_mismatch","motion_units_mismatch","accumulation_wrong_rate_variable"}', 
    options = '[{"id":"A","value":"It gives the total gallons added between $t=2$ and $t=5$ (units: gallons)."},{"id":"B","value":"It gives the average flow rate between $t=2$ and $t=5$ (units: gallons per hour)."},{"id":"C","value":"It gives the flow rate at $t=5$ (units: gallons per hour)."},{"id":"D","value":"It gives the time elapsed from $t=2$ to $t=5$ (units: hours)."}]',
    updated_at = NOW() 
WHERE id = '6bb7c325-f7c4-438f-b109-01de5e203065';
DELETE FROM question_skills WHERE question_id = '6c28814b-a841-476c-826b-79f1bb72338b';
INSERT INTO question_skills (question_id, skill_id, role) VALUES ('6c28814b-a841-476c-826b-79f1bb72338b', 'arc_length_derivative_and_sqrt', 'primary');
INSERT INTO question_skills (question_id, skill_id, role) VALUES ('6c28814b-a841-476c-826b-79f1bb72338b', 'arc_length_formula', 'supporting');
UPDATE questions SET 
    primary_skill_id = 'arc_length_derivative_and_sqrt', 
    supporting_skill_ids = '{"arc_length_formula"}', 
    target_time_seconds = 180, 
    weight_primary = 0.8, 
    weight_supporting = 0.2, 
    prompt_type = 'text', 
    micro_explanations = '{"A":"Correct. Arc length is the integral of sqrt(1 + [$f''(x)$]^2) over the interval.","B":"Incorrect. Review the arc length formula and ensure your derivative $f''(x)$ is correctly squared inside the square root.","C":"Incorrect. Review the arc length formula and ensure your derivative $f''(x)$ is correctly squared inside the square root.","D":"Incorrect. Review the arc length formula and ensure your derivative $f''(x)$ is correctly squared inside the square root."}', 
    skill_tags = '{"arc_length_derivative_and_sqrt","arc_length_formula"}', 
    error_tags = '{"arc_length_missing_sqrt_structure","arc_length_wrong_derivative","algebra_simplification_error"}', 
    options = '[{"id":"A","value":"$\\sqrt$(1+co$s^2$($x$))"},{"id":"B","value":"$\\sqrt$(1+si$n^2$($x$))"},{"id":"C","value":"$1+cos(x)$"},{"id":"D","value":"$1+cos^2(x)$"}]',
    updated_at = NOW() 
WHERE id = '6c28814b-a841-476c-826b-79f1bb72338b';
DELETE FROM question_skills WHERE question_id = '709c4140-d2ea-43ba-bbb5-f3adf368ec13';
INSERT INTO question_skills (question_id, skill_id, role) VALUES ('709c4140-d2ea-43ba-bbb5-f3adf368ec13', 'solve_intersections_for_bounds', 'supporting');
INSERT INTO question_skills (question_id, skill_id, role) VALUES ('709c4140-d2ea-43ba-bbb5-f3adf368ec13', 'area_multiple_intersections_split', 'supporting');
INSERT INTO question_skills (question_id, skill_id, role) VALUES ('709c4140-d2ea-43ba-bbb5-f3adf368ec13', 'area_top_minus_bottom_or_right_minus_left', 'primary');
UPDATE questions SET 
    primary_skill_id = 'area_top_minus_bottom_or_right_minus_left', 
    supporting_skill_ids = '{"solve_intersections_for_bounds","area_multiple_intersections_split"}', 
    target_time_seconds = 180, 
    weight_primary = 0.7, 
    weight_supporting = 0.3, 
    prompt_type = 'text', 
    micro_explanations = '{"A":"Correct. This application of integration follows the standard geometric and physical principles.","B":"Incorrect. Re-evaluate the setup of the integral, including bounds, integrand, and differential (dx or dy).","C":"Incorrect. Re-evaluate the setup of the integral, including bounds, integrand, and differential (dx or dy).","D":"Incorrect. Re-evaluate the setup of the integral, including bounds, integrand, and differential (dx or dy)."}', 
    skill_tags = '{"solve_intersections_for_bounds","area_multiple_intersections_split","area_top_minus_bottom_or_right_minus_left"}', 
    error_tags = '{"area_intersections_incorrect","algebra_simplification_error","area_missing_split_interval"}', 
    options = '[{"id":"A","value":"$0,\\ \\frac{\\pi}{3},\\ \\pi,\\ \\frac{5\\pi}{3},\\ 2\\pi$"},{"id":"B","value":"$0,\\ \\frac{\\pi}{2},\\ \\pi,\\ \\frac{3\\pi}{2},\\ 2\\pi$"},{"id":"C","value":"$\\frac{\\pi}{3},\\ \\pi,\\ \\frac{5\\pi}{3}$ only"},{"id":"D","value":"$0,\\ \\frac{\\pi}{3},\\ \\frac{2\\pi}{3},\\ \\pi,\\ 2\\pi$"}]',
    updated_at = NOW() 
WHERE id = '709c4140-d2ea-43ba-bbb5-f3adf368ec13';
DELETE FROM question_skills WHERE question_id = '73fc26d0-de90-4ffd-8ff8-b7dedccf0ae9';
INSERT INTO question_skills (question_id, skill_id, role) VALUES ('73fc26d0-de90-4ffd-8ff8-b7dedccf0ae9', 'washer_shift_radius_adjustment', 'supporting');
INSERT INTO question_skills (question_id, skill_id, role) VALUES ('73fc26d0-de90-4ffd-8ff8-b7dedccf0ae9', 'numerical_approx_trapezoid_volume', 'supporting');
INSERT INTO question_skills (question_id, skill_id, role) VALUES ('73fc26d0-de90-4ffd-8ff8-b7dedccf0ae9', 'arc_length_formula', 'primary');
UPDATE questions SET 
    primary_skill_id = 'arc_length_formula', 
    supporting_skill_ids = '{"washer_shift_radius_adjustment","numerical_approx_trapezoid_volume"}', 
    target_time_seconds = 180, 
    weight_primary = 0.7, 
    weight_supporting = 0.3, 
    prompt_type = 'text', 
    micro_explanations = '{"A":"Correct. Arc length is the integral of sqrt(1 + [$f''(x)$]^2) over the interval.","B":"Incorrect. Review the arc length formula and ensure your derivative $f''(x)$ is correctly squared inside the square root.","C":"Incorrect. Review the arc length formula and ensure your derivative $f''(x)$ is correctly squared inside the square root.","D":"Incorrect. Review the arc length formula and ensure your derivative $f''(x)$ is correctly squared inside the square root."}', 
    skill_tags = '{"washer_shift_radius_adjustment","numerical_approx_trapezoid_volume","arc_length_formula"}', 
    error_tags = '{"shift_not_applied","trapezoid_weight_error","rounding_too_early"}', 
    options = '[{"id":"A","value":"Approximately 15.5"},{"id":"B","value":"Approximately 9.7"},{"id":"C","value":"Approximately 6.3"},{"id":"D","value":"Approximately 19.4"}]',
    updated_at = NOW() 
WHERE id = '73fc26d0-de90-4ffd-8ff8-b7dedccf0ae9';
DELETE FROM question_skills WHERE question_id = '8429180f-c1e6-48d2-932f-a3b88eea96b6';
INSERT INTO question_skills (question_id, skill_id, role) VALUES ('8429180f-c1e6-48d2-932f-a3b88eea96b6', 'axis_shift_handling', 'supporting');
INSERT INTO question_skills (question_id, skill_id, role) VALUES ('8429180f-c1e6-48d2-932f-a3b88eea96b6', 'choose_dx_or_dy_strategy_volume', 'supporting');
INSERT INTO question_skills (question_id, skill_id, role) VALUES ('8429180f-c1e6-48d2-932f-a3b88eea96b6', 'washer_method_setup', 'primary');
UPDATE questions SET 
    primary_skill_id = 'washer_method_setup', 
    supporting_skill_ids = '{"axis_shift_handling","choose_dx_or_dy_strategy_volume"}', 
    target_time_seconds = 180, 
    weight_primary = 0.7, 
    weight_supporting = 0.3, 
    prompt_type = 'text', 
    micro_explanations = '{"A":"Correct. This application of integration follows the standard geometric and physical principles.","B":"Incorrect. Re-evaluate the setup of the integral, including bounds, integrand, and differential (dx or dy).","C":"Incorrect. Re-evaluate the setup of the integral, including bounds, integrand, and differential (dx or dy).","D":"Incorrect. Re-evaluate the setup of the integral, including bounds, integrand, and differential (dx or dy)."}', 
    skill_tags = '{"axis_shift_handling","choose_dx_or_dy_strategy_volume","washer_method_setup"}', 
    error_tags = '{"wrong_dx_dy_choice_volume","shift_not_applied","wrong_radius_expression"}', 
    options = '[{"id":"A","value":"$\\pi$\\int _{-1}^{1} (1-y^2)^2 dy$"},{"id":"B","value":"$\\pi$\\int _{-1}^{1} (y^2)^2 dy$"},{"id":"C","value":"$\\pi$\\int _{-1}^{1} (1-y^2) dy$"},{"id":"D","value":"$\\int _{-1}^{1} (1-y^2)^2 dy$"}]',
    updated_at = NOW() 
WHERE id = '8429180f-c1e6-48d2-932f-a3b88eea96b6';
DELETE FROM question_skills WHERE question_id = '86837242-90a3-4798-9437-be1a6f837518';
INSERT INTO question_skills (question_id, skill_id, role) VALUES ('86837242-90a3-4798-9437-be1a6f837518', 'cross_section_area_function', 'primary');
INSERT INTO question_skills (question_id, skill_id, role) VALUES ('86837242-90a3-4798-9437-be1a6f837518', 'bounds_from_context', 'supporting');
UPDATE questions SET 
    primary_skill_id = 'cross_section_area_function', 
    supporting_skill_ids = '{"bounds_from_context"}', 
    target_time_seconds = 150, 
    weight_primary = 0.8, 
    weight_supporting = 0.2, 
    prompt_type = 'text', 
    micro_explanations = '{"A":"Correct. This application of integration follows the standard geometric and physical principles.","B":"Incorrect. Re-evaluate the setup of the integral, including bounds, integrand, and differential (dx or dy).","C":"Incorrect. Re-evaluate the setup of the integral, including bounds, integrand, and differential (dx or dy).","D":"Incorrect. Re-evaluate the setup of the integral, including bounds, integrand, and differential (dx or dy)."}', 
    skill_tags = '{"cross_section_area_function","bounds_from_context"}', 
    error_tags = '{"cross_section_side_length_misread","cross_section_wrong_area_formula","algebra_simplification_error"}', 
    options = '[{"id":"A","value":"$(2-x)^2$"},{"id":"B","value":"$(2+x)^2$"},{"id":"C","value":"$2-x$"},{"id":"D","value":"$\\pi$(2-$x$)^2"}]',
    updated_at = NOW() 
WHERE id = '86837242-90a3-4798-9437-be1a6f837518';
DELETE FROM question_skills WHERE question_id = '87bb0416-c251-46f0-8a1e-a02e9ada217d';
INSERT INTO question_skills (question_id, skill_id, role) VALUES ('87bb0416-c251-46f0-8a1e-a02e9ada217d', 'motion_displacement_from_velocity', 'supporting');
INSERT INTO question_skills (question_id, skill_id, role) VALUES ('87bb0416-c251-46f0-8a1e-a02e9ada217d', 'bounds_from_context', 'supporting');
INSERT INTO question_skills (question_id, skill_id, role) VALUES ('87bb0416-c251-46f0-8a1e-a02e9ada217d', 'accumulation_from_rate', 'primary');
UPDATE questions SET 
    primary_skill_id = 'accumulation_from_rate', 
    supporting_skill_ids = '{"motion_displacement_from_velocity","bounds_from_context"}', 
    target_time_seconds = 150, 
    weight_primary = 0.7, 
    weight_supporting = 0.3, 
    prompt_type = 'text', 
    micro_explanations = '{"A":"Correct. This application of integration follows the standard geometric and physical principles.","B":"Incorrect. Re-evaluate the setup of the integral, including bounds, integrand, and differential (dx or dy).","C":"Incorrect. Re-evaluate the setup of the integral, including bounds, integrand, and differential (dx or dy).","D":"Incorrect. Re-evaluate the setup of the integral, including bounds, integrand, and differential (dx or dy)."}', 
    skill_tags = '{"motion_displacement_from_velocity","bounds_from_context","accumulation_from_rate"}', 
    error_tags = '{"accumulation_bounds_misread_context","motion_sign_mistake","algebra_simplification_error"}', 
    options = '[{"id":"A","value":"$-4$"},{"id":"B","value":"$4$"},{"id":"C","value":"$-12$"},{"id":"D","value":"$12$"}]',
    updated_at = NOW() 
WHERE id = '87bb0416-c251-46f0-8a1e-a02e9ada217d';
DELETE FROM question_skills WHERE question_id = '88cd43fc-e772-4cde-8771-29d3228fd517';
INSERT INTO question_skills (question_id, skill_id, role) VALUES ('88cd43fc-e772-4cde-8771-29d3228fd517', 'disk_method_bounds', 'supporting');
INSERT INTO question_skills (question_id, skill_id, role) VALUES ('88cd43fc-e772-4cde-8771-29d3228fd517', 'disk_method_radius_expression', 'supporting');
INSERT INTO question_skills (question_id, skill_id, role) VALUES ('88cd43fc-e772-4cde-8771-29d3228fd517', 'volume_revolution_about_shifted_axis', 'primary');
UPDATE questions SET 
    primary_skill_id = 'volume_revolution_about_shifted_axis', 
    supporting_skill_ids = '{"disk_method_bounds","disk_method_radius_expression"}', 
    target_time_seconds = 180, 
    weight_primary = 0.7, 
    weight_supporting = 0.3, 
    prompt_type = 'text', 
    micro_explanations = '{"A":"Correct. Volume formulas (Disk, Washer, Cross-sections) require integrating the area function $A(x)$ or $A(y)$.","B":"Incorrect. Verify if you need the Disk method (pi * $R^2$) or Washer method (pi * ($R^2$ - $r^2$)) and check the axis of rotation.","C":"Incorrect. Verify if you need the Disk method (pi * $R^2$) or Washer method (pi * ($R^2$ - $r^2$)) and check the axis of rotation.","D":"Incorrect. Verify if you need the Disk method (pi * $R^2$) or Washer method (pi * ($R^2$ - $r^2$)) and check the axis of rotation."}', 
    skill_tags = '{"disk_method_bounds","disk_method_radius_expression","volume_revolution_about_shifted_axis"}', 
    error_tags = '{"wrong_bounds","wrong_radius_expression","washer_vs_disk_confusion"}', 
    options = '[{"id":"A","value":"Find where the region starts/ends along axis, express radius as function of that variable"},{"id":"B","value":"Compute $f(b)$-$f(a)$ and multiply by $\\pi$"},{"id":"C","value":"Always integrate in $y$ when revolving about the $x$-axis"},{"id":"D","value":"Use the absolute value of the radius so you do not need bounds"}]',
    updated_at = NOW() 
WHERE id = '88cd43fc-e772-4cde-8771-29d3228fd517';
DELETE FROM question_skills WHERE question_id = '8b4545b5-6796-4b46-aaa6-a0861f15f762';
INSERT INTO question_skills (question_id, skill_id, role) VALUES ('8b4545b5-6796-4b46-aaa6-a0861f15f762', 'volume_disk_method_basic', 'primary');
INSERT INTO question_skills (question_id, skill_id, role) VALUES ('8b4545b5-6796-4b46-aaa6-a0861f15f762', 'radius_distance_to_axis', 'supporting');
UPDATE questions SET 
    primary_skill_id = 'volume_disk_method_basic', 
    supporting_skill_ids = '{"radius_distance_to_axis"}', 
    target_time_seconds = 180, 
    weight_primary = 0.8, 
    weight_supporting = 0.2, 
    prompt_type = 'text', 
    micro_explanations = '{"A":"Correct. Volume formulas (Disk, Washer, Cross-sections) require integrating the area function $A(x)$ or $A(y)$.","B":"Incorrect. Verify if you need the Disk method (pi * $R^2$) or Washer method (pi * ($R^2$ - $r^2$)) and check the axis of rotation.","C":"Incorrect. Verify if you need the Disk method (pi * $R^2$) or Washer method (pi * ($R^2$ - $r^2$)) and check the axis of rotation.","D":"Incorrect. Verify if you need the Disk method (pi * $R^2$) or Washer method (pi * ($R^2$ - $r^2$)) and check the axis of rotation."}', 
    skill_tags = '{"volume_disk_method_basic","radius_distance_to_axis"}', 
    error_tags = '{"volume_missing_pi_factor","volume_forget_square_radius","volume_wrong_limits"}', 
    options = '[{"id":"A","value":"$8\\pi$"},{"id":"B","value":"$4\\pi$"},{"id":"C","value":"$16\\pi$"},{"id":"D","value":"16$\\pi$/3"}]',
    updated_at = NOW() 
WHERE id = '8b4545b5-6796-4b46-aaa6-a0861f15f762';
DELETE FROM question_skills WHERE question_id = '8dc2bf96-8dc5-46e3-8248-80395a37273b';
INSERT INTO question_skills (question_id, skill_id, role) VALUES ('8dc2bf96-8dc5-46e3-8248-80395a37273b', 'average_value_interpretation', 'supporting');
INSERT INTO question_skills (question_id, skill_id, role) VALUES ('8dc2bf96-8dc5-46e3-8248-80395a37273b', 'average_value_formula', 'primary');
UPDATE questions SET 
    primary_skill_id = 'average_value_formula', 
    supporting_skill_ids = '{"average_value_interpretation"}', 
    target_time_seconds = 120, 
    weight_primary = 0.8, 
    weight_supporting = 0.2, 
    prompt_type = 'text', 
    micro_explanations = '{"A":"Incorrect. Remember to multiply the integral by the reciprocal of the interval width 1/(b-a).","B":"Correct. The average value of f on $[a, b]$ is [1/(b-a)] * integral of $f(x)$ from a to b.","C":"Incorrect. Remember to multiply the integral by the reciprocal of the interval width 1/(b-a).","D":"Incorrect. Remember to multiply the integral by the reciprocal of the interval width 1/(b-a)."}', 
    skill_tags = '{"average_value_interpretation","average_value_formula"}', 
    error_tags = '{"avg_value_missing_divide_by_interval","avg_value_wrong_interval_length"}', 
    options = '[{"id":"A","value":"$\\int _a^b f(x) dx$ = m"},{"id":"B","value":"$\\int _a^b f(x) dx = m(b-a)$"},{"id":"C","value":"m = $f(a)$+$f(b)$"},{"id":"D","value":"m = ($f(a)$+$f(b)$)/2 for any f"}]',
    updated_at = NOW() 
WHERE id = '8dc2bf96-8dc5-46e3-8248-80395a37273b';
DELETE FROM question_skills WHERE question_id = '8ecbf18e-f7d8-4bd1-a813-36872f5c9367';
INSERT INTO question_skills (question_id, skill_id, role) VALUES ('8ecbf18e-f7d8-4bd1-a813-36872f5c9367', 'radius_distance_to_axis', 'primary');
INSERT INTO question_skills (question_id, skill_id, role) VALUES ('8ecbf18e-f7d8-4bd1-a813-36872f5c9367', 'volume_revolution_about_shifted_axis', 'supporting');
UPDATE questions SET 
    primary_skill_id = 'radius_distance_to_axis', 
    supporting_skill_ids = '{"volume_revolution_about_shifted_axis"}', 
    target_time_seconds = 150, 
    weight_primary = 0.8, 
    weight_supporting = 0.2, 
    prompt_type = 'text', 
    micro_explanations = '{"A":"Correct. This application of integration follows the standard geometric and physical principles.","B":"Incorrect. Re-evaluate the setup of the integral, including bounds, integrand, and differential (dx or dy).","C":"Incorrect. Re-evaluate the setup of the integral, including bounds, integrand, and differential (dx or dy).","D":"Incorrect. Re-evaluate the setup of the integral, including bounds, integrand, and differential (dx or dy)."}', 
    skill_tags = '{"radius_distance_to_axis","volume_revolution_about_shifted_axis"}', 
    error_tags = '{"volume_wrong_axis_distance_shift","volume_radius_height_swapped","algebra_simplification_error"}', 
    options = '[{"id":"A","value":"$|x^2-1|$"},{"id":"B","value":"$x^2+1$"},{"id":"C","value":"$1-x$"},{"id":"D","value":"$x-1$"}]',
    updated_at = NOW() 
WHERE id = '8ecbf18e-f7d8-4bd1-a813-36872f5c9367';
DELETE FROM question_skills WHERE question_id = '92dc088a-1f90-4f0e-ac26-79d44bcf8829';
INSERT INTO question_skills (question_id, skill_id, role) VALUES ('92dc088a-1f90-4f0e-ac26-79d44bcf8829', 'volume_revolution_about_x_or_y', 'primary');
INSERT INTO question_skills (question_id, skill_id, role) VALUES ('92dc088a-1f90-4f0e-ac26-79d44bcf8829', 'bounds_from_context', 'supporting');
UPDATE questions SET 
    primary_skill_id = 'volume_revolution_about_x_or_y', 
    supporting_skill_ids = '{"bounds_from_context"}', 
    target_time_seconds = 180, 
    weight_primary = 0.8, 
    weight_supporting = 0.2, 
    prompt_type = 'text', 
    micro_explanations = '{"A":"Correct. Volume formulas (Disk, Washer, Cross-sections) require integrating the area function $A(x)$ or $A(y)$.","B":"Incorrect. Verify if you need the Disk method (pi * $R^2$) or Washer method (pi * ($R^2$ - $r^2$)) and check the axis of rotation.","C":"Incorrect. Verify if you need the Disk method (pi * $R^2$) or Washer method (pi * ($R^2$ - $r^2$)) and check the axis of rotation.","D":"Incorrect. Verify if you need the Disk method (pi * $R^2$) or Washer method (pi * ($R^2$ - $r^2$)) and check the axis of rotation."}', 
    skill_tags = '{"volume_revolution_about_x_or_y","bounds_from_context"}', 
    error_tags = '{"volume_wrong_limits","volume_radius_height_swapped","volume_missing_pi_factor"}', 
    options = '[{"id":"A","value":"$\\pi$\\int _0^4 y dy$"},{"id":"B","value":"$\\pi$\\int _0^2 (x^2)^2 dx$"},{"id":"C","value":"$\\pi$\\int _0^4 \\sqrt y dy$"},{"id":"D","value":"$\\int _0^4 y dy$"}]',
    updated_at = NOW() 
WHERE id = '92dc088a-1f90-4f0e-ac26-79d44bcf8829';
DELETE FROM question_skills WHERE question_id = '9585041c-4ca3-4e3f-aceb-5988630a190e';
INSERT INTO question_skills (question_id, skill_id, role) VALUES ('9585041c-4ca3-4e3f-aceb-5988630a190e', 'accumulation_from_rate', 'primary');
INSERT INTO question_skills (question_id, skill_id, role) VALUES ('9585041c-4ca3-4e3f-aceb-5988630a190e', 'bounds_from_context', 'supporting');
UPDATE questions SET 
    primary_skill_id = 'accumulation_from_rate', 
    supporting_skill_ids = '{"bounds_from_context"}', 
    target_time_seconds = 180, 
    weight_primary = 0.8, 
    weight_supporting = 0.2, 
    prompt_type = 'text', 
    micro_explanations = '{"A":"Correct. This application of integration follows the standard geometric and physical principles.","B":"Incorrect. Re-evaluate the setup of the integral, including bounds, integrand, and differential (dx or dy).","C":"Incorrect. Re-evaluate the setup of the integral, including bounds, integrand, and differential (dx or dy).","D":"Incorrect. Re-evaluate the setup of the integral, including bounds, integrand, and differential (dx or dy)."}', 
    skill_tags = '{"accumulation_from_rate","bounds_from_context"}', 
    error_tags = '{"accumulation_bounds_misread_context","accumulation_net_vs_total_confusion","rounding_too_early"}', 
    options = '[{"id":"A","value":"8.5 L"},{"id":"B","value":"17 L"},{"id":"C","value":"9.0 L"},{"id":"D","value":"6.5 L"}]',
    updated_at = NOW() 
WHERE id = '9585041c-4ca3-4e3f-aceb-5988630a190e';
DELETE FROM question_skills WHERE question_id = '96138cdc-b2b2-4f5e-b04e-50c283db5e65';
INSERT INTO question_skills (question_id, skill_id, role) VALUES ('96138cdc-b2b2-4f5e-b04e-50c283db5e65', 'arc_length_formula_setup', 'supporting');
INSERT INTO question_skills (question_id, skill_id, role) VALUES ('96138cdc-b2b2-4f5e-b04e-50c283db5e65', 'arc_length_derivative_needed', 'supporting');
INSERT INTO question_skills (question_id, skill_id, role) VALUES ('96138cdc-b2b2-4f5e-b04e-50c283db5e65', 'integration_modeling_from_context', 'primary');
UPDATE questions SET 
    primary_skill_id = 'integration_modeling_from_context', 
    supporting_skill_ids = '{"arc_length_formula_setup","arc_length_derivative_needed"}', 
    target_time_seconds = 180, 
    weight_primary = 0.7, 
    weight_supporting = 0.3, 
    prompt_type = 'text', 
    micro_explanations = '{"A":"Correct. This application of integration follows the standard geometric and physical principles.","B":"Incorrect. Re-evaluate the setup of the integral, including bounds, integrand, and differential (dx or dy).","C":"Incorrect. Re-evaluate the setup of the integral, including bounds, integrand, and differential (dx or dy).","D":"Incorrect. Re-evaluate the setup of the integral, including bounds, integrand, and differential (dx or dy)."}', 
    skill_tags = '{"arc_length_formula_setup","arc_length_derivative_needed","integration_modeling_from_context"}', 
    error_tags = '{"arc_length_missing_sqrt","arc_length_missing_square_on_derivative","wrong_bounds"}', 
    options = '[{"id":"A","value":"$\\int _a^b \\sqrt (1+(f''(x))^2) dx$"},{"id":"B","value":"$\\int _a^b (1+f''(x)) dx$"},{"id":"C","value":"$\\int _a^b \\sqrt (1+f''(x)) dx$"},{"id":"D","value":"$\\int _a^b (1+f''(x)^2) dx$"}]',
    updated_at = NOW() 
WHERE id = '96138cdc-b2b2-4f5e-b04e-50c283db5e65';
DELETE FROM question_skills WHERE question_id = '98554787-e879-4f8c-a643-94dd8e4875bd';
INSERT INTO question_skills (question_id, skill_id, role) VALUES ('98554787-e879-4f8c-a643-94dd8e4875bd', 'area_between_curves_dy_setup', 'primary');
INSERT INTO question_skills (question_id, skill_id, role) VALUES ('98554787-e879-4f8c-a643-94dd8e4875bd', 'solve_intersections_for_bounds', 'supporting');
UPDATE questions SET 
    primary_skill_id = 'area_between_curves_dy_setup', 
    supporting_skill_ids = '{"solve_intersections_for_bounds"}', 
    target_time_seconds = 150, 
    weight_primary = 0.8, 
    weight_supporting = 0.2, 
    prompt_type = 'text', 
    micro_explanations = '{"A":"Correct. Area between curves is the integral of [Top - Bottom] or [Right - Left] over the boundaries.","B":"Incorrect. Check your boundary selection and ensure you integrate the difference of the functions.","C":"Incorrect. Check your boundary selection and ensure you integrate the difference of the functions.","D":"Incorrect. Check your boundary selection and ensure you integrate the difference of the functions."}', 
    skill_tags = '{"area_between_curves_dy_setup","solve_intersections_for_bounds"}', 
    error_tags = '{"area_wrong_dx_dy_choice","area_wrong_top_minus_bottom","area_intersections_incorrect"}', 
    options = '[{"id":"A","value":"$\\int_{-1}^{2}\\big((y+2)-y^2\\big)\\,dy$"},{"id":"B","value":"$\\int_{-1}^{2}\\big(y^2-(y+2)\\big)\\,dy$"},{"id":"C","value":"$\\int_{0}^{2}\\big((y+2)-y^2\\big)\\,dy$"},{"id":"D","value":"$\\int_{-1}^{2}\\big((y+2)+y^2\\big)\\,dy$"}]',
    updated_at = NOW() 
WHERE id = '98554787-e879-4f8c-a643-94dd8e4875bd';
DELETE FROM question_skills WHERE question_id = '9967eef0-6d9e-424f-a2ed-091ea53e0f43';
INSERT INTO question_skills (question_id, skill_id, role) VALUES ('9967eef0-6d9e-424f-a2ed-091ea53e0f43', 'arc_length_units_interpretation', 'supporting');
INSERT INTO question_skills (question_id, skill_id, role) VALUES ('9967eef0-6d9e-424f-a2ed-091ea53e0f43', 'distance_vs_displacement', 'supporting');
INSERT INTO question_skills (question_id, skill_id, role) VALUES ('9967eef0-6d9e-424f-a2ed-091ea53e0f43', 'integration_modeling_from_context', 'primary');
UPDATE questions SET 
    primary_skill_id = 'integration_modeling_from_context', 
    supporting_skill_ids = '{"arc_length_units_interpretation","distance_vs_displacement"}', 
    target_time_seconds = 180, 
    weight_primary = 0.7, 
    weight_supporting = 0.3, 
    prompt_type = 'text', 
    micro_explanations = '{"A":"Correct. This application of integration follows the standard geometric and physical principles.","B":"Incorrect. Re-evaluate the setup of the integral, including bounds, integrand, and differential (dx or dy).","C":"Incorrect. Re-evaluate the setup of the integral, including bounds, integrand, and differential (dx or dy).","D":"Incorrect. Re-evaluate the setup of the integral, including bounds, integrand, and differential (dx or dy)."}', 
    skill_tags = '{"arc_length_units_interpretation","distance_vs_displacement","integration_modeling_from_context"}', 
    error_tags = '{"units_mismatch_distance","distance_equals_displacement_mistake","formula_context_confusion"}', 
    options = '[{"id":"A","value":"It has units of meters and represents total distance traveled."},{"id":"B","value":"It has units of meters per second and represents average velocity."},{"id":"C","value":"It has units of seconds and represents total time traveled."},{"id":"D","value":"It is unitless because of the absolute value."}]',
    updated_at = NOW() 
WHERE id = '9967eef0-6d9e-424f-a2ed-091ea53e0f43';
DELETE FROM question_skills WHERE question_id = '99bbe365-98de-4892-b610-cf18278e527f';
INSERT INTO question_skills (question_id, skill_id, role) VALUES ('99bbe365-98de-4892-b610-cf18278e527f', 'choose_dx_or_dy_strategy_volume', 'supporting');
INSERT INTO question_skills (question_id, skill_id, role) VALUES ('99bbe365-98de-4892-b610-cf18278e527f', 'volume_cross_sections_setup', 'supporting');
INSERT INTO question_skills (question_id, skill_id, role) VALUES ('99bbe365-98de-4892-b610-cf18278e527f', 'volume_disk_method_basic', 'primary');
UPDATE questions SET 
    primary_skill_id = 'volume_disk_method_basic', 
    supporting_skill_ids = '{"choose_dx_or_dy_strategy_volume","volume_cross_sections_setup"}', 
    target_time_seconds = 150, 
    weight_primary = 0.7, 
    weight_supporting = 0.3, 
    prompt_type = 'text', 
    micro_explanations = '{"A":"Incorrect. Verify if you need the Disk method (pi * $R^2$) or Washer method (pi * ($R^2$ - $r^2$)) and check the axis of rotation.","B":"Correct. Volume formulas (Disk, Washer, Cross-sections) require integrating the area function $A(x)$ or $A(y)$.","C":"Incorrect. Verify if you need the Disk method (pi * $R^2$) or Washer method (pi * ($R^2$ - $r^2$)) and check the axis of rotation.","D":"Incorrect. Verify if you need the Disk method (pi * $R^2$) or Washer method (pi * ($R^2$ - $r^2$)) and check the axis of rotation."}', 
    skill_tags = '{"choose_dx_or_dy_strategy_volume","volume_cross_sections_setup","volume_disk_method_basic"}', 
    error_tags = '{"wrong_dx_dy_choice_volume","bounds_from_context","wrong_cross_section_area_formula"}', 
    options = '[{"id":"A","value":"$\\int  A(x) dx$ where A is written in terms of $x$ only"},{"id":"B","value":"$\\int  A(y) dy$ where A is written in terms of $y$ only"},{"id":"C","value":"$\\int  (top-bottom) dx$"},{"id":"D","value":"$\\int  (right-left) dx$"}]',
    updated_at = NOW() 
WHERE id = '99bbe365-98de-4892-b610-cf18278e527f';
DELETE FROM question_skills WHERE question_id = 'a1f651c4-75de-4ba2-aa34-65e69faf54f8';
INSERT INTO question_skills (question_id, skill_id, role) VALUES ('a1f651c4-75de-4ba2-aa34-65e69faf54f8', 'area_between_curves_dy_setup', 'primary');
INSERT INTO question_skills (question_id, skill_id, role) VALUES ('a1f651c4-75de-4ba2-aa34-65e69faf54f8', 'choose_dx_or_dy_strategy_area', 'supporting');
UPDATE questions SET 
    primary_skill_id = 'area_between_curves_dy_setup', 
    supporting_skill_ids = '{"choose_dx_or_dy_strategy_area"}', 
    target_time_seconds = 180, 
    weight_primary = 0.8, 
    weight_supporting = 0.2, 
    prompt_type = 'text', 
    micro_explanations = '{"A":"Incorrect. Check your boundary selection and ensure you integrate the difference of the functions.","B":"Correct. Area between curves is the integral of [Top - Bottom] or [Right - Left] over the boundaries.","C":"Incorrect. Check your boundary selection and ensure you integrate the difference of the functions.","D":"Incorrect. Check your boundary selection and ensure you integrate the difference of the functions."}', 
    skill_tags = '{"area_between_curves_dy_setup","choose_dx_or_dy_strategy_area"}', 
    error_tags = '{"area_wrong_dx_dy_choice","rounding_too_early","area_wrong_top_minus_bottom"}', 
    options = '[{"id":"A","value":"$3$"},{"id":"B","value":"$4$"},{"id":"C","value":"$9/2$"},{"id":"D","value":"$5$"}]',
    updated_at = NOW() 
WHERE id = 'a1f651c4-75de-4ba2-aa34-65e69faf54f8';
DELETE FROM question_skills WHERE question_id = 'a5266a5e-801a-42eb-b4a8-035d81680c60';
INSERT INTO question_skills (question_id, skill_id, role) VALUES ('a5266a5e-801a-42eb-b4a8-035d81680c60', 'cross_sections_square', 'primary');
INSERT INTO question_skills (question_id, skill_id, role) VALUES ('a5266a5e-801a-42eb-b4a8-035d81680c60', 'cross_section_area_function', 'supporting');
UPDATE questions SET 
    primary_skill_id = 'cross_sections_square', 
    supporting_skill_ids = '{"cross_section_area_function"}', 
    target_time_seconds = 180, 
    weight_primary = 0.8, 
    weight_supporting = 0.2, 
    prompt_type = 'text', 
    micro_explanations = '{"A":"Correct. This application of integration follows the standard geometric and physical principles.","B":"Incorrect. Re-evaluate the setup of the integral, including bounds, integrand, and differential (dx or dy).","C":"Incorrect. Re-evaluate the setup of the integral, including bounds, integrand, and differential (dx or dy).","D":"Incorrect. Re-evaluate the setup of the integral, including bounds, integrand, and differential (dx or dy)."}', 
    skill_tags = '{"cross_sections_square","cross_section_area_function"}', 
    error_tags = '{"cross_section_wrong_area_formula","cross_section_side_length_misread","algebra_simplification_error"}', 
    options = '[{"id":"A","value":"$8/3$"},{"id":"B","value":"$4$"},{"id":"C","value":"$16/3$"},{"id":"D","value":"8$\\pi$/3"}]',
    updated_at = NOW() 
WHERE id = 'a5266a5e-801a-42eb-b4a8-035d81680c60';
DELETE FROM question_skills WHERE question_id = 'a7018ceb-3cad-4609-9972-38ca922657a9';
INSERT INTO question_skills (question_id, skill_id, role) VALUES ('a7018ceb-3cad-4609-9972-38ca922657a9', 'area_between_curves_dx_setup', 'primary');
INSERT INTO question_skills (question_id, skill_id, role) VALUES ('a7018ceb-3cad-4609-9972-38ca922657a9', 'solve_intersections_for_bounds', 'supporting');
UPDATE questions SET 
    primary_skill_id = 'area_between_curves_dx_setup', 
    supporting_skill_ids = '{"solve_intersections_for_bounds"}', 
    target_time_seconds = 180, 
    weight_primary = 0.8, 
    weight_supporting = 0.2, 
    prompt_type = 'text', 
    micro_explanations = '{"A":"Correct. Area between curves is the integral of [Top - Bottom] or [Right - Left] over the boundaries.","B":"Incorrect. Check your boundary selection and ensure you integrate the difference of the functions.","C":"Incorrect. Check your boundary selection and ensure you integrate the difference of the functions.","D":"Incorrect. Check your boundary selection and ensure you integrate the difference of the functions."}', 
    skill_tags = '{"area_between_curves_dx_setup","solve_intersections_for_bounds"}', 
    error_tags = '{"area_wrong_top_minus_bottom","area_intersections_incorrect","area_missing_abs_value"}', 
    options = '[{"id":"A","value":"$\\int _{(-1-\\sqrt 17)/2}^{(-1+\\sqrt 17)/2} ((4-x^2)-x) dx$"},{"id":"B","value":"$\\int _{(-1-\\sqrt 17)/2}^{(-1+\\sqrt 17)/2} (x-(4-x^2)) dx$"},{"id":"C","value":"$\\int _{-1}^{2} ((4-x^2)-x) dx$"},{"id":"D","value":"|$\\int _{(-1-\\sqrt 17)/2}^{(-1+\\sqrt 17)/2} ((4-x^2)-x) dx$|"}]',
    updated_at = NOW() 
WHERE id = 'a7018ceb-3cad-4609-9972-38ca922657a9';
DELETE FROM question_skills WHERE question_id = 'a7c27dfd-4986-4ee5-9278-6b3221965db9';
INSERT INTO question_skills (question_id, skill_id, role) VALUES ('a7c27dfd-4986-4ee5-9278-6b3221965db9', 'numerical_approx_trapezoid_volume', 'supporting');
INSERT INTO question_skills (question_id, skill_id, role) VALUES ('a7c27dfd-4986-4ee5-9278-6b3221965db9', 'cross_section_semicircle_area', 'supporting');
INSERT INTO question_skills (question_id, skill_id, role) VALUES ('a7c27dfd-4986-4ee5-9278-6b3221965db9', 'volume_disk_method_basic', 'primary');
UPDATE questions SET 
    primary_skill_id = 'volume_disk_method_basic', 
    supporting_skill_ids = '{"numerical_approx_trapezoid_volume","cross_section_semicircle_area"}', 
    target_time_seconds = 180, 
    weight_primary = 0.7, 
    weight_supporting = 0.3, 
    prompt_type = 'text', 
    micro_explanations = '{"A":"Correct. Volume formulas (Disk, Washer, Cross-sections) require integrating the area function $A(x)$ or $A(y)$.","B":"Incorrect. Verify if you need the Disk method (pi * $R^2$) or Washer method (pi * ($R^2$ - $r^2$)) and check the axis of rotation.","C":"Incorrect. Verify if you need the Disk method (pi * $R^2$) or Washer method (pi * ($R^2$ - $r^2$)) and check the axis of rotation.","D":"Incorrect. Verify if you need the Disk method (pi * $R^2$) or Washer method (pi * ($R^2$ - $r^2$)) and check the axis of rotation."}', 
    skill_tags = '{"numerical_approx_trapezoid_volume","cross_section_semicircle_area","volume_disk_method_basic"}', 
    error_tags = '{"trapezoid_weight_error","wrong_cross_section_area_formula","rounding_too_early"}', 
    options = '[{"id":"A","value":"33$\\pi$/16"},{"id":"B","value":"33$\\pi$/8"},{"id":"C","value":"33$\\pi$/32"},{"id":"D","value":"11$\\pi$/4"}]',
    updated_at = NOW() 
WHERE id = 'a7c27dfd-4986-4ee5-9278-6b3221965db9';
DELETE FROM question_skills WHERE question_id = 'b2d3bb71-074f-4c5c-b345-1d137f262c02';
INSERT INTO question_skills (question_id, skill_id, role) VALUES ('b2d3bb71-074f-4c5c-b345-1d137f262c02', 'area_top_minus_bottom_or_right_minus_left', 'supporting');
INSERT INTO question_skills (question_id, skill_id, role) VALUES ('b2d3bb71-074f-4c5c-b345-1d137f262c02', 'solve_intersections_for_bounds', 'supporting');
INSERT INTO question_skills (question_id, skill_id, role) VALUES ('b2d3bb71-074f-4c5c-b345-1d137f262c02', 'area_between_curves_dx_setup', 'primary');
UPDATE questions SET 
    primary_skill_id = 'area_between_curves_dx_setup', 
    supporting_skill_ids = '{"area_top_minus_bottom_or_right_minus_left","solve_intersections_for_bounds"}', 
    target_time_seconds = 210, 
    weight_primary = 0.7, 
    weight_supporting = 0.3, 
    prompt_type = 'text', 
    micro_explanations = '{"A":"Correct. Area between curves is the integral of [Top - Bottom] or [Right - Left] over the boundaries.","B":"Incorrect. Check your boundary selection and ensure you integrate the difference of the functions.","C":"Incorrect. Check your boundary selection and ensure you integrate the difference of the functions.","D":"Incorrect. Check your boundary selection and ensure you integrate the difference of the functions."}', 
    skill_tags = '{"area_top_minus_bottom_or_right_minus_left","solve_intersections_for_bounds","area_between_curves_dx_setup"}', 
    error_tags = '{"area_missing_split_interval","area_missing_abs_value","area_intersections_incorrect"}', 
    options = '[{"id":"A","value":"$2\\sqrt{2}-2$"},{"id":"B","value":"$\\sqrt{2}-1$"},{"id":"C","value":"$1$"},{"id":"D","value":"$2-2\\sqrt{2}$"}]',
    updated_at = NOW() 
WHERE id = 'b2d3bb71-074f-4c5c-b345-1d137f262c02';
DELETE FROM question_skills WHERE question_id = 'b5c1de91-9989-4018-899f-0bb60f2a46eb';
INSERT INTO question_skills (question_id, skill_id, role) VALUES ('b5c1de91-9989-4018-899f-0bb60f2a46eb', 'choose_dx_or_dy_strategy_volume', 'supporting');
INSERT INTO question_skills (question_id, skill_id, role) VALUES ('b5c1de91-9989-4018-899f-0bb60f2a46eb', 'washer_method_setup', 'supporting');
INSERT INTO question_skills (question_id, skill_id, role) VALUES ('b5c1de91-9989-4018-899f-0bb60f2a46eb', 'volume_cross_sections_setup', 'primary');
UPDATE questions SET 
    primary_skill_id = 'volume_cross_sections_setup', 
    supporting_skill_ids = '{"choose_dx_or_dy_strategy_volume","washer_method_setup"}', 
    target_time_seconds = 210, 
    weight_primary = 0.7, 
    weight_supporting = 0.3, 
    prompt_type = 'text', 
    micro_explanations = '{"A":"Correct. Volume formulas (Disk, Washer, Cross-sections) require integrating the area function $A(x)$ or $A(y)$.","B":"Incorrect. Verify if you need the Disk method (pi * $R^2$) or Washer method (pi * ($R^2$ - $r^2$)) and check the axis of rotation.","C":"Incorrect. Verify if you need the Disk method (pi * $R^2$) or Washer method (pi * ($R^2$ - $r^2$)) and check the axis of rotation.","D":"Incorrect. Verify if you need the Disk method (pi * $R^2$) or Washer method (pi * ($R^2$ - $r^2$)) and check the axis of rotation."}', 
    skill_tags = '{"choose_dx_or_dy_strategy_volume","washer_method_setup","volume_cross_sections_setup"}', 
    error_tags = '{"wrong_dx_dy_choice_volume","inner_outer_swapped","wrong_radius_expression"}', 
    options = '[{"id":"A","value":"$\\pi$\\int _0^1 (1^2 - (y^2)^2) dy$"},{"id":"B","value":"$\\pi$\\int _0^1 ((y^2)^2 - 1^2) dy$"},{"id":"C","value":"$\\pi$\\int _0^1 (1 - y^2)^2 dy$"},{"id":"D","value":"$\\pi$\\int _0^1 (1^2 - y^2) dy$"}]',
    updated_at = NOW() 
WHERE id = 'b5c1de91-9989-4018-899f-0bb60f2a46eb';
DELETE FROM question_skills WHERE question_id = 'b70c8248-2a30-4756-8b84-0ea68ec97f26';
INSERT INTO question_skills (question_id, skill_id, role) VALUES ('b70c8248-2a30-4756-8b84-0ea68ec97f26', 'distance_vs_displacement', 'supporting');
INSERT INTO question_skills (question_id, skill_id, role) VALUES ('b70c8248-2a30-4756-8b84-0ea68ec97f26', 'absolute_value_in_distance', 'supporting');
INSERT INTO question_skills (question_id, skill_id, role) VALUES ('b70c8248-2a30-4756-8b84-0ea68ec97f26', 'integration_modeling_from_context', 'primary');
UPDATE questions SET 
    primary_skill_id = 'integration_modeling_from_context', 
    supporting_skill_ids = '{"distance_vs_displacement","absolute_value_in_distance"}', 
    target_time_seconds = 180, 
    weight_primary = 0.7, 
    weight_supporting = 0.3, 
    prompt_type = 'text', 
    micro_explanations = '{"A":"Incorrect. Re-evaluate the setup of the integral, including bounds, integrand, and differential (dx or dy).","B":"Correct. This application of integration follows the standard geometric and physical principles.","C":"Incorrect. Re-evaluate the setup of the integral, including bounds, integrand, and differential (dx or dy).","D":"Incorrect. Re-evaluate the setup of the integral, including bounds, integrand, and differential (dx or dy)."}', 
    skill_tags = '{"distance_vs_displacement","absolute_value_in_distance","integration_modeling_from_context"}', 
    error_tags = '{"distance_equals_displacement_mistake","missing_absolute_value","signed_area_misread"}', 
    options = '[{"id":"A","value":"$\\int _a^b v(t) dt$"},{"id":"B","value":"$\\int _a^b |v(t)| dt$"},{"id":"C","value":"|$\\int _a^b v(t) dt$|"},{"id":"D","value":"$\\int _a^b v(t)^2 dt$"}]',
    updated_at = NOW() 
WHERE id = 'b70c8248-2a30-4756-8b84-0ea68ec97f26';
DELETE FROM question_skills WHERE question_id = 'bbdafb05-9f3f-4b9d-8962-10edf3438b1a';
INSERT INTO question_skills (question_id, skill_id, role) VALUES ('bbdafb05-9f3f-4b9d-8962-10edf3438b1a', 'units_interpretation_in_applications', 'supporting');
INSERT INTO question_skills (question_id, skill_id, role) VALUES ('bbdafb05-9f3f-4b9d-8962-10edf3438b1a', 'accumulation_from_rate', 'supporting');
INSERT INTO question_skills (question_id, skill_id, role) VALUES ('bbdafb05-9f3f-4b9d-8962-10edf3438b1a', 'motion_position_with_initial_condition', 'primary');
UPDATE questions SET 
    primary_skill_id = 'motion_position_with_initial_condition', 
    supporting_skill_ids = '{"units_interpretation_in_applications","accumulation_from_rate"}', 
    target_time_seconds = 120, 
    weight_primary = 0.7, 
    weight_supporting = 0.3, 
    prompt_type = 'text', 
    micro_explanations = '{"A":"Incorrect. Re-evaluate the setup of the integral, including bounds, integrand, and differential (dx or dy).","B":"Incorrect. Re-evaluate the setup of the integral, including bounds, integrand, and differential (dx or dy).","C":"Correct. This application of integration follows the standard geometric and physical principles.","D":"Incorrect. Re-evaluate the setup of the integral, including bounds, integrand, and differential (dx or dy)."}', 
    skill_tags = '{"units_interpretation_in_applications","accumulation_from_rate","motion_position_with_initial_condition"}', 
    error_tags = '{"accumulation_units_mismatch","motion_units_mismatch"}', 
    options = '[{"id":"A","value":"$dollars/day$"},{"id":"B","value":"$days/dollar$"},{"id":"C","value":"$dollars$"},{"id":"D","value":"$days$"}]',
    updated_at = NOW() 
WHERE id = 'bbdafb05-9f3f-4b9d-8962-10edf3438b1a';
DELETE FROM question_skills WHERE question_id = 'bf2f23f3-cca4-4e41-82f6-1ca19597f176';
INSERT INTO question_skills (question_id, skill_id, role) VALUES ('bf2f23f3-cca4-4e41-82f6-1ca19597f176', 'choose_dx_or_dy_strategy_area', 'supporting');
INSERT INTO question_skills (question_id, skill_id, role) VALUES ('bf2f23f3-cca4-4e41-82f6-1ca19597f176', 'area_between_curves_dy_setup', 'primary');
UPDATE questions SET 
    primary_skill_id = 'area_between_curves_dy_setup', 
    supporting_skill_ids = '{"choose_dx_or_dy_strategy_area"}', 
    target_time_seconds = 180, 
    weight_primary = 0.8, 
    weight_supporting = 0.2, 
    prompt_type = 'text', 
    micro_explanations = '{"A":"Incorrect. Check your boundary selection and ensure you integrate the difference of the functions.","B":"Correct. Area between curves is the integral of [Top - Bottom] or [Right - Left] over the boundaries.","C":"Incorrect. Check your boundary selection and ensure you integrate the difference of the functions.","D":"Incorrect. Check your boundary selection and ensure you integrate the difference of the functions."}', 
    skill_tags = '{"choose_dx_or_dy_strategy_area","area_between_curves_dy_setup"}', 
    error_tags = '{"area_wrong_dx_dy_choice","area_intersections_incorrect","area_wrong_top_minus_bottom"}', 
    options = '[{"id":"A","value":"$\\int_{0}^{2}(2x-x^2)\\,dx$"},{"id":"B","value":"$\\int_{0}^{4}\\left(\\sqrt{y}-\\frac{y}{2}\\right)\\,dy$"},{"id":"C","value":"$\\int_{0}^{4}\\left(\\frac{y}{2}-\\sqrt{y}\\right)\\,dy$"},{"id":"D","value":"$\\int_{0}^{2}\\left(\\sqrt{x}-\\frac{x}{2}\\right)\\,dx$"}]',
    updated_at = NOW() 
WHERE id = 'bf2f23f3-cca4-4e41-82f6-1ca19597f176';
DELETE FROM question_skills WHERE question_id = 'c256c221-d33b-437e-b5b9-e9e5f9cfa85a';
INSERT INTO question_skills (question_id, skill_id, role) VALUES ('c256c221-d33b-437e-b5b9-e9e5f9cfa85a', 'method_selection_disk_vs_washer', 'supporting');
INSERT INTO question_skills (question_id, skill_id, role) VALUES ('c256c221-d33b-437e-b5b9-e9e5f9cfa85a', 'axis_shift_handling', 'supporting');
INSERT INTO question_skills (question_id, skill_id, role) VALUES ('c256c221-d33b-437e-b5b9-e9e5f9cfa85a', 'arc_length_formula', 'primary');
UPDATE questions SET 
    primary_skill_id = 'arc_length_formula', 
    supporting_skill_ids = '{"method_selection_disk_vs_washer","axis_shift_handling"}', 
    target_time_seconds = 180, 
    weight_primary = 0.7, 
    weight_supporting = 0.3, 
    prompt_type = 'text', 
    micro_explanations = '{"A":"Incorrect. Review the arc length formula and ensure your derivative $f''(x)$ is correctly squared inside the square root.","B":"Correct. Arc length is the integral of sqrt(1 + [$f''(x)$]^2) over the interval.","C":"Incorrect. Review the arc length formula and ensure your derivative $f''(x)$ is correctly squared inside the square root.","D":"Incorrect. Review the arc length formula and ensure your derivative $f''(x)$ is correctly squared inside the square root."}', 
    skill_tags = '{"method_selection_disk_vs_washer","axis_shift_handling","arc_length_formula"}', 
    error_tags = '{"washer_vs_disk_confusion","shift_not_applied","inner_outer_swapped"}', 
    options = '[{"id":"A","value":"Disc method"},{"id":"B","value":"Washer method"},{"id":"C","value":"Average value method"},{"id":"D","value":"Trapezoidal rule for area only"}]',
    updated_at = NOW() 
WHERE id = 'c256c221-d33b-437e-b5b9-e9e5f9cfa85a';
DELETE FROM question_skills WHERE question_id = 'c3669987-04fa-4ec6-95dc-10fbc820f207';
INSERT INTO question_skills (question_id, skill_id, role) VALUES ('c3669987-04fa-4ec6-95dc-10fbc820f207', 'total_distance_vs_displacement', 'supporting');
INSERT INTO question_skills (question_id, skill_id, role) VALUES ('c3669987-04fa-4ec6-95dc-10fbc820f207', 'motion_displacement_from_velocity', 'supporting');
INSERT INTO question_skills (question_id, skill_id, role) VALUES ('c3669987-04fa-4ec6-95dc-10fbc820f207', 'accumulation_from_rate', 'primary');
UPDATE questions SET 
    primary_skill_id = 'accumulation_from_rate', 
    supporting_skill_ids = '{"total_distance_vs_displacement","motion_displacement_from_velocity"}', 
    target_time_seconds = 180, 
    weight_primary = 0.7, 
    weight_supporting = 0.3, 
    prompt_type = 'text', 
    micro_explanations = '{"A":"Incorrect. Re-evaluate the setup of the integral, including bounds, integrand, and differential (dx or dy).","B":"Correct. This application of integration follows the standard geometric and physical principles.","C":"Incorrect. Re-evaluate the setup of the integral, including bounds, integrand, and differential (dx or dy).","D":"Incorrect. Re-evaluate the setup of the integral, including bounds, integrand, and differential (dx or dy)."}', 
    skill_tags = '{"total_distance_vs_displacement","motion_displacement_from_velocity","accumulation_from_rate"}', 
    error_tags = '{"motion_displacement_distance_confusion","motion_sign_mistake","algebra_simplification_error"}', 
    options = '[{"id":"A","value":"$9.5$"},{"id":"B","value":"$10.5$"},{"id":"C","value":"$11.5$"},{"id":"D","value":"$0.5$"}]',
    updated_at = NOW() 
WHERE id = 'c3669987-04fa-4ec6-95dc-10fbc820f207';
DELETE FROM question_skills WHERE question_id = 'c5cbcbe4-d2e7-4511-831a-14edc9073c7d';
INSERT INTO question_skills (question_id, skill_id, role) VALUES ('c5cbcbe4-d2e7-4511-831a-14edc9073c7d', 'volume_cross_sections_setup', 'supporting');
INSERT INTO question_skills (question_id, skill_id, role) VALUES ('c5cbcbe4-d2e7-4511-831a-14edc9073c7d', 'cross_section_semicircle_area', 'supporting');
INSERT INTO question_skills (question_id, skill_id, role) VALUES ('c5cbcbe4-d2e7-4511-831a-14edc9073c7d', 'volume_disk_method_basic', 'primary');
UPDATE questions SET 
    primary_skill_id = 'volume_disk_method_basic', 
    supporting_skill_ids = '{"volume_cross_sections_setup","cross_section_semicircle_area"}', 
    target_time_seconds = 210, 
    weight_primary = 0.7, 
    weight_supporting = 0.3, 
    prompt_type = 'text', 
    micro_explanations = '{"A":"Correct. Volume formulas (Disk, Washer, Cross-sections) require integrating the area function $A(x)$ or $A(y)$.","B":"Incorrect. Verify if you need the Disk method (pi * $R^2$) or Washer method (pi * ($R^2$ - $r^2$)) and check the axis of rotation.","C":"Incorrect. Verify if you need the Disk method (pi * $R^2$) or Washer method (pi * ($R^2$ - $r^2$)) and check the axis of rotation.","D":"Incorrect. Verify if you need the Disk method (pi * $R^2$) or Washer method (pi * ($R^2$ - $r^2$)) and check the axis of rotation."}', 
    skill_tags = '{"volume_cross_sections_setup","cross_section_semicircle_area","volume_disk_method_basic"}', 
    error_tags = '{"wrong_cross_section_area_formula","bounds_from_context","algebra_simplification_error"}', 
    options = '[{"id":"A","value":"$\\pi$^2/16"},{"id":"B","value":"$\\pi$^2/8"},{"id":"C","value":"$\\pi$/4"},{"id":"D","value":"$\\pi$/8"}]',
    updated_at = NOW() 
WHERE id = 'c5cbcbe4-d2e7-4511-831a-14edc9073c7d';
DELETE FROM question_skills WHERE question_id = 'c60cde02-5979-43df-a804-8d1240d029bd';
INSERT INTO question_skills (question_id, skill_id, role) VALUES ('c60cde02-5979-43df-a804-8d1240d029bd', 'area_between_curves_dx_setup', 'primary');
INSERT INTO question_skills (question_id, skill_id, role) VALUES ('c60cde02-5979-43df-a804-8d1240d029bd', 'bounds_from_context', 'supporting');
UPDATE questions SET 
    primary_skill_id = 'area_between_curves_dx_setup', 
    supporting_skill_ids = '{"bounds_from_context"}', 
    target_time_seconds = 150, 
    weight_primary = 0.8, 
    weight_supporting = 0.2, 
    prompt_type = 'text', 
    micro_explanations = '{"A":"Incorrect. Check your boundary selection and ensure you integrate the difference of the functions.","B":"Incorrect. Check your boundary selection and ensure you integrate the difference of the functions.","C":"Correct. Area between curves is the integral of [Top - Bottom] or [Right - Left] over the boundaries.","D":"Incorrect. Check your boundary selection and ensure you integrate the difference of the functions."}', 
    skill_tags = '{"area_between_curves_dx_setup","bounds_from_context"}', 
    error_tags = '{"bounds_from_context","algebra_simplification_error","area_wrong_top_minus_bottom"}', 
    options = '[{"id":"A","value":"$1$"},{"id":"B","value":"$e-1$"},{"id":"C","value":"$e-2$"},{"id":"D","value":"$2-e$"}]',
    updated_at = NOW() 
WHERE id = 'c60cde02-5979-43df-a804-8d1240d029bd';
DELETE FROM question_skills WHERE question_id = 'c61a6ca0-8f6b-4b08-abc2-b3ea89479a00';
INSERT INTO question_skills (question_id, skill_id, role) VALUES ('c61a6ca0-8f6b-4b08-abc2-b3ea89479a00', 'area_multiple_intersections_split', 'supporting');
INSERT INTO question_skills (question_id, skill_id, role) VALUES ('c61a6ca0-8f6b-4b08-abc2-b3ea89479a00', 'solve_intersections_for_bounds', 'supporting');
INSERT INTO question_skills (question_id, skill_id, role) VALUES ('c61a6ca0-8f6b-4b08-abc2-b3ea89479a00', 'area_top_minus_bottom_or_right_minus_left', 'primary');
UPDATE questions SET 
    primary_skill_id = 'area_top_minus_bottom_or_right_minus_left', 
    supporting_skill_ids = '{"area_multiple_intersections_split","solve_intersections_for_bounds"}', 
    target_time_seconds = 210, 
    weight_primary = 0.7, 
    weight_supporting = 0.3, 
    prompt_type = 'text', 
    micro_explanations = '{"A":"Incorrect. Re-evaluate the setup of the integral, including bounds, integrand, and differential (dx or dy).","B":"Correct. This application of integration follows the standard geometric and physical principles.","C":"Incorrect. Re-evaluate the setup of the integral, including bounds, integrand, and differential (dx or dy).","D":"Incorrect. Re-evaluate the setup of the integral, including bounds, integrand, and differential (dx or dy)."}', 
    skill_tags = '{"area_multiple_intersections_split","solve_intersections_for_bounds","area_top_minus_bottom_or_right_minus_left"}', 
    error_tags = '{"area_missing_split_interval","area_missing_abs_value","algebra_simplification_error"}', 
    options = '[{"id":"A","value":"$4$"},{"id":"B","value":"$5$"},{"id":"C","value":"$\\frac{9}{2}$"},{"id":"D","value":"$6$"}]',
    updated_at = NOW() 
WHERE id = 'c61a6ca0-8f6b-4b08-abc2-b3ea89479a00';
DELETE FROM question_skills WHERE question_id = 'c6474d52-305b-4c38-be47-c56f0451e44c';
INSERT INTO question_skills (question_id, skill_id, role) VALUES ('c6474d52-305b-4c38-be47-c56f0451e44c', 'axis_shift_handling', 'supporting');
INSERT INTO question_skills (question_id, skill_id, role) VALUES ('c6474d52-305b-4c38-be47-c56f0451e44c', 'disk_shift_radius_adjustment', 'supporting');
INSERT INTO question_skills (question_id, skill_id, role) VALUES ('c6474d52-305b-4c38-be47-c56f0451e44c', 'washer_method_setup', 'primary');
UPDATE questions SET 
    primary_skill_id = 'washer_method_setup', 
    supporting_skill_ids = '{"axis_shift_handling","disk_shift_radius_adjustment"}', 
    target_time_seconds = 180, 
    weight_primary = 0.7, 
    weight_supporting = 0.3, 
    prompt_type = 'text', 
    micro_explanations = '{"A":"Correct. This application of integration follows the standard geometric and physical principles.","B":"Incorrect. Re-evaluate the setup of the integral, including bounds, integrand, and differential (dx or dy).","C":"Incorrect. Re-evaluate the setup of the integral, including bounds, integrand, and differential (dx or dy).","D":"Incorrect. Re-evaluate the setup of the integral, including bounds, integrand, and differential (dx or dy)."}', 
    skill_tags = '{"axis_shift_handling","disk_shift_radius_adjustment","washer_method_setup"}', 
    error_tags = '{"shift_not_applied","wrong_radius_expression","squared_radius_missing"}', 
    options = '[{"id":"A","value":"$r(x)$ = c - $f(x)$"},{"id":"B","value":"$r(x) = f(x)$"},{"id":"C","value":"$r(x) = f(x)$ - c"},{"id":"D","value":"$r(x)$ = c + $f(x)$"}]',
    updated_at = NOW() 
WHERE id = 'c6474d52-305b-4c38-be47-c56f0451e44c';
DELETE FROM question_skills WHERE question_id = 'cbfc7bee-a1c8-44a0-9250-06fd686a8cfd';
INSERT INTO question_skills (question_id, skill_id, role) VALUES ('cbfc7bee-a1c8-44a0-9250-06fd686a8cfd', 'motion_position_with_initial_condition', 'primary');
INSERT INTO question_skills (question_id, skill_id, role) VALUES ('cbfc7bee-a1c8-44a0-9250-06fd686a8cfd', 'motion_displacement_from_velocity', 'supporting');
UPDATE questions SET 
    primary_skill_id = 'motion_position_with_initial_condition', 
    supporting_skill_ids = '{"motion_displacement_from_velocity"}', 
    target_time_seconds = 150, 
    weight_primary = 0.8, 
    weight_supporting = 0.2, 
    prompt_type = 'text', 
    micro_explanations = '{"A":"Correct. This application of integration follows the standard geometric and physical principles.","B":"Incorrect. Re-evaluate the setup of the integral, including bounds, integrand, and differential (dx or dy).","C":"Incorrect. Re-evaluate the setup of the integral, including bounds, integrand, and differential (dx or dy).","D":"Incorrect. Re-evaluate the setup of the integral, including bounds, integrand, and differential (dx or dy)."}', 
    skill_tags = '{"motion_position_with_initial_condition","motion_displacement_from_velocity"}', 
    error_tags = '{"motion_forget_initial_condition","motion_sign_mistake","algebra_simplification_error"}', 
    options = '[{"id":"A","value":"$11$"},{"id":"B","value":"$9$"},{"id":"C","value":"$6$"},{"id":"D","value":"$14$"}]',
    updated_at = NOW() 
WHERE id = 'cbfc7bee-a1c8-44a0-9250-06fd686a8cfd';
DELETE FROM question_skills WHERE question_id = 'cc958eaa-b680-4f65-8610-90cbbc9a7976';
INSERT INTO question_skills (question_id, skill_id, role) VALUES ('cc958eaa-b680-4f65-8610-90cbbc9a7976', 'disk_shift_radius_adjustment', 'supporting');
INSERT INTO question_skills (question_id, skill_id, role) VALUES ('cc958eaa-b680-4f65-8610-90cbbc9a7976', 'disk_method_evaluation', 'supporting');
INSERT INTO question_skills (question_id, skill_id, role) VALUES ('cc958eaa-b680-4f65-8610-90cbbc9a7976', 'washer_method_setup', 'primary');
UPDATE questions SET 
    primary_skill_id = 'washer_method_setup', 
    supporting_skill_ids = '{"disk_shift_radius_adjustment","disk_method_evaluation"}', 
    target_time_seconds = 210, 
    weight_primary = 0.7, 
    weight_supporting = 0.3, 
    prompt_type = 'text', 
    micro_explanations = '{"A":"Correct. This application of integration follows the standard geometric and physical principles.","B":"Incorrect. Re-evaluate the setup of the integral, including bounds, integrand, and differential (dx or dy).","C":"Incorrect. Re-evaluate the setup of the integral, including bounds, integrand, and differential (dx or dy).","D":"Incorrect. Re-evaluate the setup of the integral, including bounds, integrand, and differential (dx or dy)."}', 
    skill_tags = '{"disk_shift_radius_adjustment","disk_method_evaluation","washer_method_setup"}', 
    error_tags = '{"shift_not_applied","algebra_simplification_error","wrong_bounds"}', 
    options = '[{"id":"A","value":"128$\\sqrt$2 $\\pi$ / 15"},{"id":"B","value":"64$\\sqrt$2 $\\pi$ / 15"},{"id":"C","value":"32$\\sqrt$2 $\\pi$ / 15"},{"id":"D","value":"128$\\pi$ / 15"}]',
    updated_at = NOW() 
WHERE id = 'cc958eaa-b680-4f65-8610-90cbbc9a7976';
DELETE FROM question_skills WHERE question_id = 'cd70d579-e02e-4b40-b8f4-94d6a4269f75';
INSERT INTO question_skills (question_id, skill_id, role) VALUES ('cd70d579-e02e-4b40-b8f4-94d6a4269f75', 'volume_cross_sections_setup', 'primary');
INSERT INTO question_skills (question_id, skill_id, role) VALUES ('cd70d579-e02e-4b40-b8f4-94d6a4269f75', 'cross_section_square_area', 'supporting');
UPDATE questions SET 
    primary_skill_id = 'volume_cross_sections_setup', 
    supporting_skill_ids = '{"cross_section_square_area"}', 
    target_time_seconds = 180, 
    weight_primary = 0.8, 
    weight_supporting = 0.2, 
    prompt_type = 'text', 
    micro_explanations = '{"A":"Correct. Volume formulas (Disk, Washer, Cross-sections) require integrating the area function $A(x)$ or $A(y)$.","B":"Incorrect. Verify if you need the Disk method (pi * $R^2$) or Washer method (pi * ($R^2$ - $r^2$)) and check the axis of rotation.","C":"Incorrect. Verify if you need the Disk method (pi * $R^2$) or Washer method (pi * ($R^2$ - $r^2$)) and check the axis of rotation.","D":"Incorrect. Verify if you need the Disk method (pi * $R^2$) or Washer method (pi * ($R^2$ - $r^2$)) and check the axis of rotation."}', 
    skill_tags = '{"volume_cross_sections_setup","cross_section_square_area"}', 
    error_tags = '{"wrong_cross_section_area_formula","area_wrong_top_minus_bottom","bounds_from_context"}', 
    options = '[{"id":"A","value":"$\\int _a^b (f(x)-g(x))^2 dx$"},{"id":"B","value":"$\\int _a^b (f(x)-g(x)) dx$"},{"id":"C","value":"$\\int _a^b \\pi (f(x)-g(x))^2 dx$"},{"id":"D","value":"$\\int _a^b (f(x)^2-g(x)^2) dx$"}]',
    updated_at = NOW() 
WHERE id = 'cd70d579-e02e-4b40-b8f4-94d6a4269f75';
DELETE FROM question_skills WHERE question_id = 'd28d772a-f986-4e1c-9d43-eca1932375a2';
INSERT INTO question_skills (question_id, skill_id, role) VALUES ('d28d772a-f986-4e1c-9d43-eca1932375a2', 'area_multiple_intersections_split', 'supporting');
INSERT INTO question_skills (question_id, skill_id, role) VALUES ('d28d772a-f986-4e1c-9d43-eca1932375a2', 'area_top_minus_bottom_or_right_minus_left', 'primary');
UPDATE questions SET 
    primary_skill_id = 'area_top_minus_bottom_or_right_minus_left', 
    supporting_skill_ids = '{"area_multiple_intersections_split"}', 
    target_time_seconds = 180, 
    weight_primary = 0.8, 
    weight_supporting = 0.2, 
    prompt_type = 'text', 
    micro_explanations = '{"A":"Correct. This application of integration follows the standard geometric and physical principles.","B":"Incorrect. Re-evaluate the setup of the integral, including bounds, integrand, and differential (dx or dy).","C":"Incorrect. Re-evaluate the setup of the integral, including bounds, integrand, and differential (dx or dy).","D":"Incorrect. Re-evaluate the setup of the integral, including bounds, integrand, and differential (dx or dy)."}', 
    skill_tags = '{"area_multiple_intersections_split","area_top_minus_bottom_or_right_minus_left"}', 
    error_tags = '{"area_missing_split_interval","area_missing_abs_value","algebra_simplification_error"}', 
    options = '[{"id":"A","value":"$\\frac{1}{2}$"},{"id":"B","value":"$0$"},{"id":"C","value":"$\\frac{1}{4}$"},{"id":"D","value":"$1$"}]',
    updated_at = NOW() 
WHERE id = 'd28d772a-f986-4e1c-9d43-eca1932375a2';
DELETE FROM question_skills WHERE question_id = 'd30dabf3-0395-41bf-a97f-e69a46e401af';
INSERT INTO question_skills (question_id, skill_id, role) VALUES ('d30dabf3-0395-41bf-a97f-e69a46e401af', 'washer_method_setup', 'supporting');
INSERT INTO question_skills (question_id, skill_id, role) VALUES ('d30dabf3-0395-41bf-a97f-e69a46e401af', 'washer_method_inner_outer_radius', 'supporting');
INSERT INTO question_skills (question_id, skill_id, role) VALUES ('d30dabf3-0395-41bf-a97f-e69a46e401af', 'volume_cross_sections_setup', 'primary');
UPDATE questions SET 
    primary_skill_id = 'volume_cross_sections_setup', 
    supporting_skill_ids = '{"washer_method_setup","washer_method_inner_outer_radius"}', 
    target_time_seconds = 180, 
    weight_primary = 0.7, 
    weight_supporting = 0.3, 
    prompt_type = 'text', 
    micro_explanations = '{"A":"Correct. Volume formulas (Disk, Washer, Cross-sections) require integrating the area function $A(x)$ or $A(y)$.","B":"Incorrect. Verify if you need the Disk method (pi * $R^2$) or Washer method (pi * ($R^2$ - $r^2$)) and check the axis of rotation.","C":"Incorrect. Verify if you need the Disk method (pi * $R^2$) or Washer method (pi * ($R^2$ - $r^2$)) and check the axis of rotation.","D":"Incorrect. Verify if you need the Disk method (pi * $R^2$) or Washer method (pi * ($R^2$ - $r^2$)) and check the axis of rotation."}', 
    skill_tags = '{"washer_method_setup","washer_method_inner_outer_radius","volume_cross_sections_setup"}', 
    error_tags = '{"washer_vs_disk_confusion","inner_outer_swapped","squared_radius_missing"}', 
    options = '[{"id":"A","value":"$\\pi$\\int _a^b (R(x)^2 - r(x)^2) dx$"},{"id":"B","value":"$\\pi$\\int _a^b (R(x) - r(x))^2 dx$"},{"id":"C","value":"$\\int _a^b (R(x)^2 - r(x)^2) dx$"},{"id":"D","value":"2$\\pi$\\int _a^b (R(x) - r(x)) dx$"}]',
    updated_at = NOW() 
WHERE id = 'd30dabf3-0395-41bf-a97f-e69a46e401af';
DELETE FROM question_skills WHERE question_id = 'd5f80928-0418-4ae8-ab5a-557330c547b0';
INSERT INTO question_skills (question_id, skill_id, role) VALUES ('d5f80928-0418-4ae8-ab5a-557330c547b0', 'arc_length_formula', 'primary');
INSERT INTO question_skills (question_id, skill_id, role) VALUES ('d5f80928-0418-4ae8-ab5a-557330c547b0', 'arc_length_derivative_and_sqrt', 'supporting');
UPDATE questions SET 
    primary_skill_id = 'arc_length_formula', 
    supporting_skill_ids = '{"arc_length_derivative_and_sqrt"}', 
    target_time_seconds = 210, 
    weight_primary = 0.8, 
    weight_supporting = 0.2, 
    prompt_type = 'text', 
    micro_explanations = '{"A":"Correct. Arc length is the integral of sqrt(1 + [$f''(x)$]^2) over the interval.","B":"Incorrect. Review the arc length formula and ensure your derivative $f''(x)$ is correctly squared inside the square root.","C":"Incorrect. Review the arc length formula and ensure your derivative $f''(x)$ is correctly squared inside the square root.","D":"Incorrect. Review the arc length formula and ensure your derivative $f''(x)$ is correctly squared inside the square root."}', 
    skill_tags = '{"arc_length_formula","arc_length_derivative_and_sqrt"}', 
    error_tags = '{"arc_length_missing_sqrt_structure","arc_length_wrong_derivative","arc_length_wrong_bounds"}', 
    options = '[{"id":"A","value":"$\\int _0^3 \\sqrt (1+(1/(x+1))^2) dx$"},{"id":"B","value":"$\\int _0^3 (1+1/(x+1)) dx$"},{"id":"C","value":"$\\int _0^3 \\sqrt (1+1/(x+1)) dx$"},{"id":"D","value":"$\\int _0^3 (1+(1/(x+1))^2) dx$"}]',
    updated_at = NOW() 
WHERE id = 'd5f80928-0418-4ae8-ab5a-557330c547b0';
DELETE FROM question_skills WHERE question_id = 'dbc7fdf0-87a5-4611-ac9f-895147a576f4';
INSERT INTO question_skills (question_id, skill_id, role) VALUES ('dbc7fdf0-87a5-4611-ac9f-895147a576f4', 'volume_cross_sections_setup', 'primary');
INSERT INTO question_skills (question_id, skill_id, role) VALUES ('dbc7fdf0-87a5-4611-ac9f-895147a576f4', 'cross_section_square_area', 'supporting');
UPDATE questions SET 
    primary_skill_id = 'volume_cross_sections_setup', 
    supporting_skill_ids = '{"cross_section_square_area"}', 
    target_time_seconds = 180, 
    weight_primary = 0.8, 
    weight_supporting = 0.2, 
    prompt_type = 'text', 
    micro_explanations = '{"A":"Correct. Volume formulas (Disk, Washer, Cross-sections) require integrating the area function $A(x)$ or $A(y)$.","B":"Incorrect. Verify if you need the Disk method (pi * $R^2$) or Washer method (pi * ($R^2$ - $r^2$)) and check the axis of rotation.","C":"Incorrect. Verify if you need the Disk method (pi * $R^2$) or Washer method (pi * ($R^2$ - $r^2$)) and check the axis of rotation.","D":"Incorrect. Verify if you need the Disk method (pi * $R^2$) or Washer method (pi * ($R^2$ - $r^2$)) and check the axis of rotation."}', 
    skill_tags = '{"volume_cross_sections_setup","cross_section_square_area"}', 
    error_tags = '{"wrong_cross_section_area_formula","bounds_from_context","algebra_simplification_error"}', 
    options = '[{"id":"A","value":"$8$"},{"id":"B","value":"$4$"},{"id":"C","value":"$16$"},{"id":"D","value":"$32/3$"}]',
    updated_at = NOW() 
WHERE id = 'dbc7fdf0-87a5-4611-ac9f-895147a576f4';
DELETE FROM question_skills WHERE question_id = 'df17f9f8-3246-4d5d-b856-336ae493e0d4';
INSERT INTO question_skills (question_id, skill_id, role) VALUES ('df17f9f8-3246-4d5d-b856-336ae493e0d4', 'distance_from_velocity_graph', 'supporting');
INSERT INTO question_skills (question_id, skill_id, role) VALUES ('df17f9f8-3246-4d5d-b856-336ae493e0d4', 'absolute_value_in_distance', 'supporting');
INSERT INTO question_skills (question_id, skill_id, role) VALUES ('df17f9f8-3246-4d5d-b856-336ae493e0d4', 'integration_modeling_from_context', 'primary');
UPDATE questions SET 
    primary_skill_id = 'integration_modeling_from_context', 
    supporting_skill_ids = '{"distance_from_velocity_graph","absolute_value_in_distance"}', 
    target_time_seconds = 210, 
    weight_primary = 0.7, 
    weight_supporting = 0.3, 
    prompt_type = 'text', 
    micro_explanations = '{"A":"Correct. This application of integration follows the standard geometric and physical principles.","B":"Incorrect. Re-evaluate the setup of the integral, including bounds, integrand, and differential (dx or dy).","C":"Incorrect. Re-evaluate the setup of the integral, including bounds, integrand, and differential (dx or dy).","D":"Incorrect. Re-evaluate the setup of the integral, including bounds, integrand, and differential (dx or dy)."}', 
    skill_tags = '{"distance_from_velocity_graph","absolute_value_in_distance","integration_modeling_from_context"}', 
    error_tags = '{"missing_absolute_value","signed_area_misread","piecewise_interval_missed"}', 
    options = '[{"id":"A","value":"$5$"},{"id":"B","value":"$3$"},{"id":"C","value":"$1$"},{"id":"D","value":"$7$"}]',
    updated_at = NOW() 
WHERE id = 'df17f9f8-3246-4d5d-b856-336ae493e0d4';
DELETE FROM question_skills WHERE question_id = 'e2aa6f5f-ec38-4946-b76f-126689ef1fde';
INSERT INTO question_skills (question_id, skill_id, role) VALUES ('e2aa6f5f-ec38-4946-b76f-126689ef1fde', 'disk_method_radius_expression', 'supporting');
INSERT INTO question_skills (question_id, skill_id, role) VALUES ('e2aa6f5f-ec38-4946-b76f-126689ef1fde', 'choose_dx_or_dy_strategy_volume', 'supporting');
INSERT INTO question_skills (question_id, skill_id, role) VALUES ('e2aa6f5f-ec38-4946-b76f-126689ef1fde', 'volume_revolution_about_shifted_axis', 'primary');
UPDATE questions SET 
    primary_skill_id = 'volume_revolution_about_shifted_axis', 
    supporting_skill_ids = '{"disk_method_radius_expression","choose_dx_or_dy_strategy_volume"}', 
    target_time_seconds = 210, 
    weight_primary = 0.7, 
    weight_supporting = 0.3, 
    prompt_type = 'text', 
    micro_explanations = '{"A":"Correct. Volume formulas (Disk, Washer, Cross-sections) require integrating the area function $A(x)$ or $A(y)$.","B":"Incorrect. Verify if you need the Disk method (pi * $R^2$) or Washer method (pi * ($R^2$ - $r^2$)) and check the axis of rotation.","C":"Incorrect. Verify if you need the Disk method (pi * $R^2$) or Washer method (pi * ($R^2$ - $r^2$)) and check the axis of rotation.","D":"Incorrect. Verify if you need the Disk method (pi * $R^2$) or Washer method (pi * ($R^2$ - $r^2$)) and check the axis of rotation."}', 
    skill_tags = '{"disk_method_radius_expression","choose_dx_or_dy_strategy_volume","volume_revolution_about_shifted_axis"}', 
    error_tags = '{"wrong_dx_dy_choice_volume","wrong_radius_expression","squared_radius_missing"}', 
    options = '[{"id":"A","value":"$\\pi$\\int _0^2 (y^2)^2 dy$"},{"id":"B","value":"$\\pi$\\int _0^2 y^2 dy$"},{"id":"C","value":"$\\pi$\\int _0^2 (2y)^2 dy$"},{"id":"D","value":"$\\pi$\\int _0^2 (y^2) dx$"}]',
    updated_at = NOW() 
WHERE id = 'e2aa6f5f-ec38-4946-b76f-126689ef1fde';
DELETE FROM question_skills WHERE question_id = 'e509e60b-3f80-48a3-9147-b882295def64';
INSERT INTO question_skills (question_id, skill_id, role) VALUES ('e509e60b-3f80-48a3-9147-b882295def64', 'disk_shift_radius_adjustment', 'supporting');
INSERT INTO question_skills (question_id, skill_id, role) VALUES ('e509e60b-3f80-48a3-9147-b882295def64', 'disk_method_setup', 'supporting');
INSERT INTO question_skills (question_id, skill_id, role) VALUES ('e509e60b-3f80-48a3-9147-b882295def64', 'washer_method_setup', 'primary');
UPDATE questions SET 
    primary_skill_id = 'washer_method_setup', 
    supporting_skill_ids = '{"disk_shift_radius_adjustment","disk_method_setup"}', 
    target_time_seconds = 180, 
    weight_primary = 0.7, 
    weight_supporting = 0.3, 
    prompt_type = 'text', 
    micro_explanations = '{"A":"Correct. This application of integration follows the standard geometric and physical principles.","B":"Incorrect. Re-evaluate the setup of the integral, including bounds, integrand, and differential (dx or dy).","C":"Incorrect. Re-evaluate the setup of the integral, including bounds, integrand, and differential (dx or dy).","D":"Incorrect. Re-evaluate the setup of the integral, including bounds, integrand, and differential (dx or dy)."}', 
    skill_tags = '{"disk_shift_radius_adjustment","disk_method_setup","washer_method_setup"}', 
    error_tags = '{"shift_not_applied","missing_pi_factor","squared_radius_missing"}', 
    options = '[{"id":"A","value":"$\\pi$\\int _{-\\sqrt 2}^{\\sqrt 2} (2-x^2)^2 dx$"},{"id":"B","value":"$\\pi$\\int _{-\\sqrt 2}^{\\sqrt 2} (x^2)^2 dx$"},{"id":"C","value":"$\\pi$\\int _{-\\sqrt 2}^{\\sqrt 2} (2-x^2) dx$"},{"id":"D","value":"$\\int _{-\\sqrt 2}^{\\sqrt 2} (2-x^2)^2 dx$"}]',
    updated_at = NOW() 
WHERE id = 'e509e60b-3f80-48a3-9147-b882295def64';
DELETE FROM question_skills WHERE question_id = 'eeb274f9-c080-4af0-a682-a4762474cf90';
INSERT INTO question_skills (question_id, skill_id, role) VALUES ('eeb274f9-c080-4af0-a682-a4762474cf90', 'area_multiple_intersections_split', 'supporting');
INSERT INTO question_skills (question_id, skill_id, role) VALUES ('eeb274f9-c080-4af0-a682-a4762474cf90', 'solve_intersections_for_bounds', 'supporting');
INSERT INTO question_skills (question_id, skill_id, role) VALUES ('eeb274f9-c080-4af0-a682-a4762474cf90', 'area_top_minus_bottom_or_right_minus_left', 'primary');
UPDATE questions SET 
    primary_skill_id = 'area_top_minus_bottom_or_right_minus_left', 
    supporting_skill_ids = '{"area_multiple_intersections_split","solve_intersections_for_bounds"}', 
    target_time_seconds = 180, 
    weight_primary = 0.7, 
    weight_supporting = 0.3, 
    prompt_type = 'text', 
    micro_explanations = '{"A":"Incorrect. Re-evaluate the setup of the integral, including bounds, integrand, and differential (dx or dy).","B":"Correct. This application of integration follows the standard geometric and physical principles.","C":"Incorrect. Re-evaluate the setup of the integral, including bounds, integrand, and differential (dx or dy).","D":"Incorrect. Re-evaluate the setup of the integral, including bounds, integrand, and differential (dx or dy)."}', 
    skill_tags = '{"area_multiple_intersections_split","solve_intersections_for_bounds","area_top_minus_bottom_or_right_minus_left"}', 
    error_tags = '{"area_missing_split_interval","area_intersections_incorrect","area_missing_abs_value"}', 
    options = '[{"id":"A","value":"$\\int_a^d (\\text{top}-\\text{bottom})\\,dx$ using only one order for the whole interval"},{"id":"B","value":"$\\int_a^d |f(x)-g(x)|\\,dx$"},{"id":"C","value":"$\\int_a^d (f(x)-g(x))\\,dx$ and take the absolute value at the end"},{"id":"D","value":"Compute $f(d)-f(a)$ and $g(d)-g(a)$ and add them"}]',
    updated_at = NOW() 
WHERE id = 'eeb274f9-c080-4af0-a682-a4762474cf90';
DELETE FROM question_skills WHERE question_id = 'f6999aff-67ac-4f9a-935a-f810e071630f';
INSERT INTO question_skills (question_id, skill_id, role) VALUES ('f6999aff-67ac-4f9a-935a-f810e071630f', 'cross_sections_semicircle', 'primary');
INSERT INTO question_skills (question_id, skill_id, role) VALUES ('f6999aff-67ac-4f9a-935a-f810e071630f', 'cross_section_area_function', 'supporting');
UPDATE questions SET 
    primary_skill_id = 'cross_sections_semicircle', 
    supporting_skill_ids = '{"cross_section_area_function"}', 
    target_time_seconds = 210, 
    weight_primary = 0.8, 
    weight_supporting = 0.2, 
    prompt_type = 'text', 
    micro_explanations = '{"A":"Correct. This application of integration follows the standard geometric and physical principles.","B":"Incorrect. Re-evaluate the setup of the integral, including bounds, integrand, and differential (dx or dy).","C":"Incorrect. Re-evaluate the setup of the integral, including bounds, integrand, and differential (dx or dy).","D":"Incorrect. Re-evaluate the setup of the integral, including bounds, integrand, and differential (dx or dy)."}', 
    skill_tags = '{"cross_sections_semicircle","cross_section_area_function"}', 
    error_tags = '{"cross_section_wrong_area_formula","cross_section_side_length_misread","volume_missing_pi_factor"}', 
    options = '[{"id":"A","value":"$\\pi$/3"},{"id":"B","value":"2$\\pi$/3"},{"id":"C","value":"$\\pi$/6"},{"id":"D","value":"8$\\pi$/3"}]',
    updated_at = NOW() 
WHERE id = 'f6999aff-67ac-4f9a-935a-f810e071630f';
DELETE FROM question_skills WHERE question_id = 'f79aa212-a98d-46e3-b9c8-ac3bbfde36f4';
INSERT INTO question_skills (question_id, skill_id, role) VALUES ('f79aa212-a98d-46e3-b9c8-ac3bbfde36f4', 'volume_integral_evaluation', 'supporting');
INSERT INTO question_skills (question_id, skill_id, role) VALUES ('f79aa212-a98d-46e3-b9c8-ac3bbfde36f4', 'volume_cross_sections_setup', 'primary');
UPDATE questions SET 
    primary_skill_id = 'volume_cross_sections_setup', 
    supporting_skill_ids = '{"volume_integral_evaluation"}', 
    target_time_seconds = 180, 
    weight_primary = 0.8, 
    weight_supporting = 0.2, 
    prompt_type = 'text', 
    micro_explanations = '{"A":"Correct. Volume formulas (Disk, Washer, Cross-sections) require integrating the area function $A(x)$ or $A(y)$.","B":"Incorrect. Verify if you need the Disk method (pi * $R^2$) or Washer method (pi * ($R^2$ - $r^2$)) and check the axis of rotation.","C":"Incorrect. Verify if you need the Disk method (pi * $R^2$) or Washer method (pi * ($R^2$ - $r^2$)) and check the axis of rotation.","D":"Incorrect. Verify if you need the Disk method (pi * $R^2$) or Washer method (pi * ($R^2$ - $r^2$)) and check the axis of rotation."}', 
    skill_tags = '{"volume_integral_evaluation","volume_cross_sections_setup"}', 
    error_tags = '{"algebra_simplification_error","bounds_from_context","wrong_cross_section_area_formula"}', 
    options = '[{"id":"A","value":"$26/3$"},{"id":"B","value":"$13/3$"},{"id":"C","value":"$9$"},{"id":"D","value":"$8/3$"}]',
    updated_at = NOW() 
WHERE id = 'f79aa212-a98d-46e3-b9c8-ac3bbfde36f4';
DELETE FROM question_skills WHERE question_id = 'fa8b3065-6c60-4b7e-8c45-fa68fa79fcbf';
INSERT INTO question_skills (question_id, skill_id, role) VALUES ('fa8b3065-6c60-4b7e-8c45-fa68fa79fcbf', 'choose_dx_or_dy_strategy_volume', 'supporting');
INSERT INTO question_skills (question_id, skill_id, role) VALUES ('fa8b3065-6c60-4b7e-8c45-fa68fa79fcbf', 'cross_section_rectangle_area', 'supporting');
INSERT INTO question_skills (question_id, skill_id, role) VALUES ('fa8b3065-6c60-4b7e-8c45-fa68fa79fcbf', 'volume_cross_sections_setup', 'primary');
UPDATE questions SET 
    primary_skill_id = 'volume_cross_sections_setup', 
    supporting_skill_ids = '{"choose_dx_or_dy_strategy_volume","cross_section_rectangle_area"}', 
    target_time_seconds = 210, 
    weight_primary = 0.7, 
    weight_supporting = 0.3, 
    prompt_type = 'text', 
    micro_explanations = '{"A":"Correct. Volume formulas (Disk, Washer, Cross-sections) require integrating the area function $A(x)$ or $A(y)$.","B":"Incorrect. Verify if you need the Disk method (pi * $R^2$) or Washer method (pi * ($R^2$ - $r^2$)) and check the axis of rotation.","C":"Incorrect. Verify if you need the Disk method (pi * $R^2$) or Washer method (pi * ($R^2$ - $r^2$)) and check the axis of rotation.","D":"Incorrect. Verify if you need the Disk method (pi * $R^2$) or Washer method (pi * ($R^2$ - $r^2$)) and check the axis of rotation."}', 
    skill_tags = '{"choose_dx_or_dy_strategy_volume","cross_section_rectangle_area","volume_cross_sections_setup"}', 
    error_tags = '{"wrong_dx_dy_choice_volume","wrong_cross_section_area_formula","bounds_from_context"}', 
    options = '[{"id":"A","value":"$32/3$"},{"id":"B","value":"$16/3$"},{"id":"C","value":"$8$"},{"id":"D","value":"$16$"}]',
    updated_at = NOW() 
WHERE id = 'fa8b3065-6c60-4b7e-8c45-fa68fa79fcbf';
DELETE FROM question_skills WHERE question_id = 'ffa716d6-6dfa-4e60-aef7-f7a2abad2420';
INSERT INTO question_skills (question_id, skill_id, role) VALUES ('ffa716d6-6dfa-4e60-aef7-f7a2abad2420', 'average_value_from_graph_or_table', 'primary');
INSERT INTO question_skills (question_id, skill_id, role) VALUES ('ffa716d6-6dfa-4e60-aef7-f7a2abad2420', 'average_value_formula', 'supporting');
UPDATE questions SET 
    primary_skill_id = 'average_value_from_graph_or_table', 
    supporting_skill_ids = '{"average_value_formula"}', 
    target_time_seconds = 180, 
    weight_primary = 0.8, 
    weight_supporting = 0.2, 
    prompt_type = 'text', 
    micro_explanations = '{"A":"Correct. The average value of f on $[a, b]$ is [1/(b-a)] * integral of $f(x)$ from a to b.","B":"Incorrect. Remember to multiply the integral by the reciprocal of the interval width 1/(b-a).","C":"Incorrect. Remember to multiply the integral by the reciprocal of the interval width 1/(b-a).","D":"Incorrect. Remember to multiply the integral by the reciprocal of the interval width 1/(b-a)."}', 
    skill_tags = '{"average_value_from_graph_or_table","average_value_formula"}', 
    error_tags = '{"avg_value_wrong_interval_length","avg_value_integrand_misread","rounding_too_early"}', 
    options = '[{"id":"A","value":"$2.25$"},{"id":"B","value":"$2.00$"},{"id":"C","value":"$2.50$"},{"id":"D","value":"$9.00$"}]',
    updated_at = NOW() 
WHERE id = 'ffa716d6-6dfa-4e60-aef7-f7a2abad2420';
COMMIT;